id	layer	contract	external_basis	convergence	core_status	makepad_status	overall	evidence	acceptance
TUX-01	hit	down時に対象と操作種別を一度だけ確定しmove中に再判定しない	W3C Pointer Events capture; Premiere tool cursor	GREEN	PASS	PARTIAL	PARTIAL	next/ui/motolii-timeline-pane/src/input.rs:91; next/probes/r7-makepad-panel/src/timeline_surface.rs:159	clip本体・trim端・空白・playhead・keyが競合せず各1動詞になる
TUX-02	capture	掴んだ後はpointerが対象外へ出てもmove/upを同じgestureへ配送する	W3C Pointer Events section 11	GREEN	PARTIAL	PASS	PARTIAL	next/ui/motolii-timeline-pane/src/key_rows.rs:222; next/probes/r7-makepad-panel/src/timeline_surface.rs:761	対象外へ出て戻してもgestureが途切れずreleaseが1回届く
TUX-03	cancel	Escape・pointercancel・lost capture・window focus lostでgestureを破棄する	W3C pointercancel/lostpointercapture	GREEN	PARTIAL	FAIL	FAIL	next/ui/motolii-timeline-pane/src/input.rs:119; next/probes/r7-makepad-panel/src/timeline_surface.rs:761	各interrupt後にtransient gestureがNoneでDocumentとUndoが不変
TUX-04	cancel	cancelはpreviewを捨てcommitしない	WCAG 2.5.2 Pointer Cancellation; W3C pointercancel	GREEN	PASS	FAIL	FAIL	next/ui/motolii-timeline-pane/src/write/clip_drag.rs:79; next/probes/r7-makepad-panel/src/timeline_surface.rs:786	cancel前後でDocument revisionとundo depthが不変
TUX-05	threshold	clickとdragを移動閾値で分離し微小ぶれを編集にしない	出典なし; platform conventionとして要black-box比較	ORACLE_GAP	PARTIAL	FAIL	FAIL	next/ui/motolii-timeline-pane/src/key_rows.rs:295; next/probes/r7-makepad-panel/src/timeline_surface.rs:159	閾値未満はclickだけ、超過後だけdrag previewが始まる
TUX-06	cursor	hover時に選択・move・trim・scrub等の現在の動詞をpointer形状で予告する	Premiere Tools panel	GREEN	PASS	PARTIAL	PARTIAL	next/ui/motolii-timeline-pane/src/input.rs:172; next/probes/r7-makepad-panel/src/timeline_surface.rs:440	bar中央・両端・空白・key・railで期待するcursorが異なる
TUX-07	preview	drag中はDocumentを書かず毎moveで結果を可視previewする	Apple drag and drop source/destination; editor product behavior	GREEN	PASS	PASS	PASS	next/ui/motolii-timeline-pane/src/write/clip_drag.rs:79; next/probes/r7-makepad-panel/src/timeline_surface.rs:735	moveごとに表示だけ変わりDocument revisionはreleaseまで不変
TUX-08	commit	releaseで1gestureを1回のDocument更新・1 undoとして確定する	Premiere non-destructive timeline editing	GREEN	PASS	PASS	PASS	next/ui/motolii-timeline-pane/src/write/clip_drag.rs:167; next/probes/r7-makepad-panel/src/main.rs:167	複数対象でもrelease後のundo 1回で全対象が元へ戻る
TUX-09	commit	移動量ゼロ・同一drop位置はno-opでundoを増やさない	出典なし; undo hygiene invariant	ORACLE_GAP	PASS	PASS	PASS	next/ui/motolii-timeline-pane/src/write/clip_drag.rs:171; next/ui/motolii-timeline-pane/src/stacking.rs:113	grab/releaseだけではDocument revisionとundo depthが不変
TUX-10	snap	clip端・marker・playhead等をsnap候補にする	Premiere Snap clips; Resolve timeline snapping; After Effects CTI snapping	GREEN	PASS	FAIL	FAIL	next/ui/motolii-timeline-pane/src/clip_gesture.rs:23; next/probes/r7-makepad-panel/src/timeline_surface.rs:147	候補近傍のmove/trim/scrubが定義済み候補へ吸着する
TUX-11	snap	snap許容幅は時間量でなく画面pxで一定にする	製品資料は距離単位を明示しない	ORACLE_GAP	PASS	FAIL	PARTIAL	next/ui/motolii-timeline-pane/src/clip_gesture.rs:39	different zoomでも同じpointer距離でsnap開始する
TUX-12	snap	snap成立時に対応位置を縦線等で即時表示する	Premiere Snap clips	GREEN	PARTIAL	FAIL	FAIL	next/ui/motolii-timeline-pane/src/canvas.rs:323; next/probes/r7-makepad-panel/src/timeline_surface.rs:735	snapしたframeと同じxに一意なguideがdrag中だけ表示される
TUX-13	snap	drag中にも修飾キーまたはshortcutでsnapを一時反転できる	Resolve N during drag; Premiere snapping shortcut during drag	GREEN	PASS	FAIL	FAIL	next/ui/motolii-timeline-pane/src/write/clip_drag.rs:102	同じgesture中に修飾キーを押すとsnap有無が即時に切り替わる
TUX-14	zoom	時間軸zoomはxだけを変えlane高さを変えない	AE Timeline time zoom; Resolve timeline zoom	GREEN	PASS	PASS	PASS	next/probes/r7-makepad-panel/src/timeline_surface.rs:71; next/probes/r7-makepad-panel/src/timeline_surface.rs:889	zoom前後でlane rectのyとheightが同一
TUX-15	zoom	zoom中心は一貫したanchorを保つ	AEはcursor/center選択可; Resolveはplayhead中心	HOLD	PASS	PASS	HOLD	next/probes/r7-makepad-panel/src/timeline_surface.rs:117	採用anchor上のframeがzoom前後で同じscreen xに残る
TUX-16	zoom	表示尺に応じてrulerのminor/major tickを刻み直す	AE/Resolve zoom descriptions	GREEN	PASS	PASS	PASS	next/probes/r7-makepad-panel/src/timeline_surface.rs:135; next/probes/r7-makepad-panel/src/timeline_surface.rs:889	十分なzoom差でtick stepが変わり絶対frame位相は維持される
TUX-17	scroll	通常wheelはscroll、修飾wheelをtime zoomとして競合させない	AE Option-wheel zoom and Shift-wheel horizontal scroll; Resolve Option-wheel zoom	GREEN	PASS	FAIL	FAIL	next/probes/r7-makepad-panel/src/timeline_surface.rs:797	modifier無しwheelでzoomせず、採用modifier時だけtime spanが変わる
TUX-18	selection	click単独選択・Cmd toggle・Shift rangeをdrag開始と矛盾なく処理する	Premiere selection tool; common editor selection vocabulary	GREEN	PASS	FAIL	FAIL	next/ui/motolii-timeline-pane/src/key_rows.rs:285; next/probes/r7-makepad-panel/src/timeline_surface.rs:169	lane/bar/keyのclickと修飾clickが同じ選択規則を使う
TUX-19	target	小さい視覚記号でも十分なhit領域または間隔・代替入口を持つ	WCAG 2.5.8 Target Size Minimum	GREEN	PARTIAL	FAIL	FAIL	next/ui/motolii-timeline-pane/src/key_rows.rs:270; next/probes/r7-makepad-panel/src/timeline_surface.rs:525	24px相当の領域または同等の非小型targetで全操作が可能
TUX-20	alternative	drag専用操作にclick操作またはkeyboard等の代替を用意する	WCAG 2.5.7 Dragging Movements	GREEN	PASS	FAIL	FAIL	next/shell/motolii-shell/src/input.rs:408; next/probes/r7-makepad-panel/src/timeline_surface.rs:759	pointer drag無しでlane reorder・精密移動・trimへ到達できる
TUX-21	bounds	comp境界・最低1frame・lane端を越える入力は決定的にclampする	Premiere limited trim feedback; editor invariant	GREEN	PASS	PASS	PASS	next/ui/motolii-timeline-pane/src/clip_gesture.rs:67; next/probes/r7-makepad-panel/src/timeline_surface.rs:101	極端なpointer位置でも範囲外値やpanicを出さない
TUX-22	identity	gesture中の対象identityとoriginを固定しprojection更新で別対象へ飛ばさない	W3C pointer capture target override; preview/commit invariant	GREEN	PASS	PASS	PASS	next/ui/motolii-timeline-pane/src/write/clip_drag.rs:70; next/probes/r7-makepad-panel/src/timeline_surface.rs:152	途中でprojection順が変わってもdown時のIDだけがcommit対象になる
TUX-23	trackpad-scroll	二本指移動はpan/scrollとして扱いpinch zoomやwheel zoomと混同しない	Apple Mac trackpad gestures; AE/Resolve scroll vocabulary	GREEN	PARTIAL	PARTIAL	PARTIAL	next/probes/r7-makepad-panel/src/timeline_surface.rs:204; next/probes/r7-makepad-panel/src/timeline_surface.rs:946	修飾無し二本指移動で表示範囲が移動しtime spanは不変
TUX-24	trackpad-pinch	pinchを連続的なtime zoomとして扱いgesture anchorを維持する	Apple Mac trackpad pinch to zoom	GREEN	PARTIAL	PARTIAL	PARTIAL	next/probes/r7-makepad-panel/src/gesture_input.rs:35; next/probes/r7-makepad-panel/src/timeline_surface.rs:637; next/probes/r7-makepad-panel/Cargo.toml:14	pinch中にx方向time spanだけが連続変化し開始anchorのframeが同じscreen xに残る
TUX-25	trackpad-phase	Began・Changed・Endedを1gestureとして管理しphaseを捨てない	Apple NSEvent phase; Makepad ScrollPhase	GREEN	PARTIAL	PARTIAL	PARTIAL	next/probes/r7-makepad-panel/src/timeline_surface.rs:204	1系列につきbeginとendが各1回で同一stateに入り最終deltaも欠落しない
TUX-26	trackpad-momentum	指を離した後のOS momentumを同じscroll ownerへ配送し別動詞へ再解釈しない	Apple NSEvent momentumPhase; Makepad ScrollPhase::Momentum	GREEN	PARTIAL	PARTIAL	PARTIAL	next/probes/r7-makepad-panel/src/timeline_surface.rs:209; next/probes/r7-makepad-panel/src/timeline_surface.rs:1105	Ended後のMomentum系列も同じaxis/ownerだけを動かしMomentumEndedで終了する
TUX-27	trackpad-catch	新しいtouchまたは新gestureで進行中のmomentumを停止して操作を奪い直せる	Makepad ScrollPhase::Touched and ScrollBar momentum handling	GREEN	PARTIAL	PARTIAL	PARTIAL	next/probes/r7-makepad-panel/src/timeline_surface.rs:210; next/probes/r7-makepad-panel/src/timeline_surface.rs:1105	慣性中のtouch後は旧系列による移動が止まり新系列だけが反映される
TUX-28	trackpad-axis	斜め二本指入力は意図が確定するまで保留しdominant axisをgesture中固定する	Apple precise two-axis scrolling; axis arbitration invariant	ORACLE_GAP	PARTIAL	PARTIAL	PARTIAL	next/probes/r7-makepad-panel/src/timeline_surface.rs:193; next/probes/r7-makepad-panel/src/timeline_surface.rs:1062	小さな斜めぶれでaxisが往復せずbegin後に決めたaxis ownerがendまで変わらない
TUX-29	trackpad-direction	Natural scrolling等のOS方向設定を尊重しアプリ側で再反転しない	Apple Trackpad settings Natural scrolling	GREEN	PARTIAL	PARTIAL	PARTIAL	next/probes/r7-makepad-panel/src/timeline_surface.rs:239; next/probes/r7-makepad-panel/src/timeline_surface.rs:571	OS設定を切り替えた実機入力がplatform提供方向どおり表示へ反映され二重反転しない
TUX-30	trackpad-delta	精密なtrackpad deltaと段階的wheel deltaを識別して同じ感度式へ無条件に投入しない	Apple precise scrolling deltas; Makepad ScrollEvent is_mouse/phase	GREEN	PARTIAL	PARTIAL	PARTIAL	next/probes/r7-makepad-panel/src/timeline_surface.rs:245; next/probes/r7-makepad-panel/src/timeline_surface.rs:561	同じ物理意図のwheelとtrackpadで極端なzoom差がなく微小trackpad入力が量子化されない
