story_id	panel	name	problem	hero	layout	interaction	density	reuse
B01	browser	Hero shelf	素材を探すたびに一覧とStageを往復し、heroに使える一枚を決めるまで止まる。	選択した素材を「今回のheroの主役候補」として大きく見せ、置く前の動機を作る。	上に4タブと検索、左に既存rail、右を `column!` の大きな選択カード＋下段 `scrollable` 一覧。主役カードは `container` を一段明るくし、名前・尺・statusを縦積みする。	Mediaカードの通常clickで主役カードを更新、double-clickは既存 `PreviewMedia`、下段カードは `button`。Clearは既存 `ClearFilters`。	balanced。主役1枚＋一覧6〜12枚を基準にし、Grid/Listの切替で量へ対応する。	`pane_view`、`card_body`、`AssetStatus`、`PreviewMedia`、tokensを再利用。選択主役の表示だけをpane-localに薄く足し、素材再生はBrowserへ実装しない。
B02	browser	Contact sheet rhythm	heroのリズムに合う素材の組み合わせを、1枚ずつ開かず比較したい。	画・音・短いcutawayを同じ視野に並べ、モチベーションの源になる組み合わせを先に発見する。	Mediaのrailは細く保ち、右は `scrollable(column!(row![card...]))` の接触シート。動画・画像・音声をglyph、色地、尺の3要素で揃え、選択カードだけ下線を太くする。	Cmd/Ctrlで `SelectCardWithModifiers`、Shiftで範囲選択。選択数をResults横の `text` で表示し、double-clickは個別 `PreviewMedia`。	dense。Grid 4列相当の小カードを12〜32枚見せる story と、List 1列の比較 storyを用意する。	既存のmodifier選択、`ViewMode`、`card_body`、`scrollable`をそのまま使う。選択数のsummaryだけ自前、contact sheet専用のデータ所有者は作らない。
B03	browser	Drop runway	新しい素材をどこへ落とせば制作が始まるのか、空のBrowserで分からない。	ファイルを置いた瞬間にhero候補へ変わるという開始感を作り、最初の一歩を強くする。	"台帳が空の時だけ右のcatalogを大きな `container` にし、中央に `text(""Drop files here"")`、下に薄い `button(""Choose media"")` の配置候補を示す。取り込み後は同じ面を最近追加カードの `row!` に切り替える。"	既存 `DropHoverChanged` で面の背景をhover色へ変更。admit後は `RecentlyAdmitted` の光を使い、選択・double-clickは通常Media経路へ戻す。	sparseからbalanced。空状態は1つの入口、取り込み後は直近4枚＋残りを `scrollable` にする。	既存の空状態、drop-hover、recent highlight、`catalog_container`を再利用。ファイル選択APIやadmit処理はShellへ委託し、Browser側に仮のimport stateを作らない。
B04	browser	Missing triage	素材の欠落を一覧の中で見落とし、heroを再現できないまま編集を続けてしまう。	heroの成立条件を壊している素材を先に発見し、表現以前の再現性の不安を取り除く。	"Media railに `Missing` の候補行を追加し、右は欠落カードだけの `scrollable`。カード上部にstatus badge、中央にglyph、下にファイル名、右端に小さな `button(""Relink"")` 候補を置く。"	rail選択は既存scope文法へ合わせ、欠落カードclickで選択、Relinkは未接続なら表示しない。接続後のみ `button` のon_pressをShellの復旧入口へ渡す。	balanced。欠落0件、1件、10件の3 storyで警告の強さを比較する。	`AssetStatus::Missing`、既存badge、検索、カード選択を再利用。Missing scopeとRelinkの技術経路が未決なら自前UIを先に作らず、store/OSの復旧入口へ預ける。
B05	browser	Source monitor cards	Mediaカードのdouble-clickが何を起こすか見えず、素材を置く前の確認が弱い。	heroに使う尺・画・音の適性を、編集対象へ置く前に確かめる。	右上に選択中カードの横長 `container`、左下に既存カード `scrollable`。主役面はglyph、名前、duration、status、Previewの小さな `button` を順に置き、カードgridを補助にする。	Mediaカードのdouble-clickは既存 `PreviewMedia`、Previewボタンも同じtyped handoffへ畳む。カードの右clickは既存 `OpenContextMenu` とRemoveだけ。	sparse。主役1枚＋一覧8枚程度で、動画サムネがまだ代表フレームを持たない状態でも成立させる。	`PreviewMedia`、`media_preview`、context menu、`card_body`を再利用。再生・波形・代表フレームはSource Monitor側とFFmpegへ委託し、Browserにplayerをスクラッチしない。
B06	browser	Place-ready stack	選択素材を置く先が決まっているのに、ReplaceやPlaceの入口がカードから見えない。	heroの主役候補を現在の選択レイヤーへ即座に差し替え、試行錯誤の摩擦を減らす。	"右上に `text(""Selected layer"")` と対象名の細いtarget ribbon、下にMediaカードを `scrollable`。置換可能なカードは `container` 内で `button(""Replace"")` を名前の右に置く。"	`single_selected_layer` が `Some` の時だけ `can_replace_source` を通して `ReplaceSelectedLayerSource` を発行。複数選択時はtarget ribbonを説明文へ落とし、ボタンを出さない。	balanced。カード8〜20枚、target ribbonは常時1行で視線を奪わない。	既存 `single_selected_layer`、`can_replace_source`、`asset_to_layer_source`、`ReplaceSelectedLayerSource`を再利用。Document書き込みはShellの`Intent::SetSource`へ委託し、Browserはtarget表示だけを持つ。
B07	browser	Media evidence list	小さなカードでは名前・種別・尺・欠落状態が同時に読めず、hero候補を選ぶ根拠が薄い。	「なぜこの素材を選ぶか」を可視化し、勘だけでなく尺と状態に基づく選択を支える。	Mediaのfilter shelf直下を `scrollable` なList専用にし、各行を `row![thumb, column![name, caption], duration, status]`。選択行だけ左端にactive stripを出す。	既存 `ViewMode::List` の水平カードを主役にし、名前検索は`text_input`、sortは既存3チップ。double-clickとCmd/Shift選択は変えない。	dense。縦20〜40行を基準にし、Gridへ戻った時の視覚差もIcebookで比較する。	`card_body`のList、`SortKey`、status badge、ellipsis、`scrollable`を再利用。列幅はtokensへ委託し、表専用の新しいlayout engineは作らない。
B08	browser	Hero palette	Mediaの種類は絞れても、heroの色・音・動きの組み合わせを考える視点が一覧にない。	素材を単なるファイルではなく、heroの色調・テンポ・空気として選べるようにする。	左railはAll media / Video / Images / Audioを維持。右上に選択中カードのglyph色とdurationをまとめた `container`、下にカードgrid、filter shelfには既存scopeとsortだけを置く。	クリック選択、Cmd/Ctrl複数選択、double-click Preview。色やテンポの推測を新しいタグとして表示せず、現行の種別と実属性だけを入口にする。	balanced。4〜16枚で、単色・混在・音声多めのfixturesを用意する。	既存のCategory、glyph、duration、selection、PreviewMediaを再利用。AI分類や新しいmood属性は上流/storeへ委託し、見た目だけのタグをスクラッチしない。
B09	browser	Effect audition grid	Effectsカードを押す前に、heroの画面へ何を足す意図なのか判断しづらい。	Glow、Mask、shape opを「表現を一段変える候補」として比較し、heroの勢いを止めずに試せる。	Effectsタブの左railはColor / Masks / Shape ops、右は `scrollable` のカードgrid。各カードはglyph、名称、`effect · Color` 等のcaption、下端に選択対象のtarget textを置く。	単一layer選択時だけカードdouble-clickを既存 `ApplyEffectFromCard` / `AddMaskFromCard` / `ApplyOpFromCard`へ渡す。対象なしではカード選択のみとし、適用ボタンを出さない。	balancedからdense。Glow/Mask＋7演算子を6〜12枚のstoryで見せる。	`PreviewCard`、`SelectionAction`、既存mouse_area、`CardHovered`を再利用。効果計算と既定値はcompositor/storeへ委託し、Browserにeffect engineを作らない。
B10	browser	Selection-target effect rail	Effectsを選んでも、どのlayerへ適用されるかが分からず誤操作が怖い。	heroの主役を壊さず、現在選んでいるlayerへ安全に表現を足す。	上部に細いtarget ribbon、左railは既存カテゴリ、右はカードを2列。target ribbonの状態を `text` と小さな `container` の面差だけで示し、カードを主役にする。	`Some(single_selected_layer)`なら「Selected layer」、Noneなら「Select one layer」を表示。カードdouble-clickは既存Message、target不在時の拒否判断はShellへ渡す。	sparseからbalanced。カード9枚を一度に見せ、target ribbonは2行以内に抑える。	`single_selected_layer`の値渡し、既存card action、tokens、Iced `container`を再利用。選択レイヤーの正本や拒否規則はSession/Shellへ預ける。
B11	browser	Before/after effect card	effect名だけでは、heroの見た目がどう変わるか想像しにくい。	「試す価値がある表現」を視覚で選び、効果の導入をモチベーションに変える。	"各Effectsカードのthumbを `row![before_container, text(""→""), after_container]` にし、名称・captionを下へ置く。grid/list切替は既存`ViewMode`のまま。"	single clickでカード選択、double-clickで既存適用Message。実プレビューが無いfixtureではglyphとtoken色だけを使い、偽のレンダー結果を表示しない。	balanced。カード6〜9枚、各thumbは小さくてもbefore/afterの左右関係が読める幅を確保する。	`PreviewCard`、`card_body`、`SelectionAction`、既存tokensを再利用。before/afterの実画像生成はEngine/Compositorへ委託し、Browserでは表現構造だけをスクラッチする。
B12	browser	Effect chain shelf	heroの主役にすでに何を足したかがBrowserから見えず、同じeffectを重ねる不安がある。	heroの表現を「足していく」感覚と、現在のeffect構成を同時に保つ。	Effectsタブ上部に選択layerのchainを横 `scrollable`、下に既存filter shelfとカードgrid。chainは小さな `container` チップをrowで並べ、カタログを主面に残す。	chainチップは表示専用または既存Inspectorへのhandoff。effectカードdouble-clickは既存適用Message、未選択時はchainを出さない。	balanced。chain 0〜5件＋カード9枚を一画面で比較し、10件以上は水平scrollする。	selected layerのread projectionはStoreView/Inspectorへ委託し、既存`PreviewCard`と`SelectionAction`を再利用。Browser独自のeffect listや削除書き込みは作らない。
B13	browser	Shape-operator deck	7つのshape opが同じ見た目のカードに埋もれ、形を変える入口が見つからない。	形の反復・歪み・切り出しを素早く試し、heroのシルエットを作る。	Effects > Shape opsを選んだ状態で、上に7枚の小さなoperator deckを `row!`、下に選択中opの名前と短い説明を `column!`。card gridより「連続して試す」視線にする。	既存 `ShapeOpKind` の7カードをsingle clickで選択、double-clickで `ApplyOpFromCard`。既定パラメータの調整はInspectorへhandoffする。	dense。7枚すべてを横1列または2段の`row!`で見せ、追加の架空opは置かない。	`ShapeOpKind`、`PreviewTag::ShapeOps`、既存action handoffを再利用。parameter editor・shape evaluationはvector/storeへ委託し、Browserは札と入口だけ持つ。
B14	browser	Hero mood effects	Effectsの分類が技術名中心で、heroにどんな感情の変化を足すかが見えにくい。	Color / Masks / Shape opsを「明るさ・焦点・動き」の制作意図として読み替え、表現の方向を選びやすくする。	既存3カテゴリrailを維持し、右上に現在カテゴリの短い`text`、下にカードgrid。カードのcaptionは現行の`effect · Color`等を保ち、hero用の説明は選択時の小さな`container`に限定する。	railまたはfilter chipでカテゴリを選択、カードsingle/double clickは既存経路。説明文は新しい操作入口を増やさない。	balanced。カテゴリごとに2〜9枚、カード間隔を広めにして意味の切替を見せる。	既存PreviewTag、PreviewScope、filter shelf、SelectionActionを再利用。mood taxonomyは外部先例/製品定義へ委託し、未接続のmoodタグを永続化しない。
B15	browser	Creation launchpad	CreateタブがMediaと同じカード一覧に見え、「ここから作る」という意図が弱い。	Rectangle / Ellipse / Star / Solid / Null / Textを、heroの最初の形・面・文字へ直結する発射台にする。	Createタブだけ左railを短くし、右を6枚の大きめ `mouse_area` カード `scrollable`。thumb、名前、`shape · Built-in`等のcaption、hover面を明確に分ける。	single clickは既存選択、double-clickは`CreateFromCard { kind }`。hoverは`CardHovered`で表示し、drag-to-Stageはこの案では入口にしない。	sparse。6枚を2列または3列で見せ、空間を「作る」方向へ使う。	`CreateKind`、`CREATE_PREVIEW`、mouse_area、`create_card_face`、既存tokensを再利用。実レイヤー生成と選択はShell/Documentへ委託し、カード側に作成状態を持たせない。
B16	browser	Text-first lyric launch	lyric/MVの開始時に、Text入口が形カードの中へ埋もれている。	文字をheroの主役として最初に置き、音楽・言葉・画の動機をすぐ画面へ出す。	Createタブ上部にTextのfeatured `container`、下にRectangle/Ellipse/Star/Solid/Nullの小カード `scrollable`。featured面はglyph `T`、名前、短いcaptionを大きくする。	Text面も既存`CreateFromCard { kind: Text }`、通常カードは同じdouble-click。featured面をbutton化して別の作成文法を増やさない。	sparse。主役Text 1枚＋補助5枚、縦方向に余白を残す。	`CreateKind::Text`と既存カード経路を再利用。文字内容・書体・範囲スタイルはInspector/TextDocumentへ委託し、Browserでtext editorをスクラッチしない。
B17	browser	Shape family rail	CreateのShapesとBuilt-inが混ざり、形を探すときに補助layerまで視界へ入る。	heroの輪郭を作る形だけを連続して比較し、最初のシルエット決定を速くする。	railのShapesを選ぶとRectangle/Ellipse/Starだけを右へ表示。上は検索・filter shelf、中央は3枚を大きな`row!`、下は説明用の薄い`container`。	`PreviewScope::Tag(Shapes)`と既存filter chipを使い、カードdouble-clickでCreateFromCard。Built-inへ戻るとSolid/Null/Textを同じcatalog文法で表示する。	sparse。Shapes 3枚を大きく、Built-in 6枚ではbalancedへ戻す。	`PreviewTag::Shapes`、`PreviewScope`、`preview_visible`、既存カードを再利用。カテゴリ分割の新しい状態や別catalogは作らず、既存の宣言順へ預ける。
B18	browser	Staging kit	SolidとNullが単なる追加カードに見え、heroの背景・制御面としての役割が伝わらない。	Solidを背景/色面、Nullを制御点、Textをメッセージとしてheroの骨格を組む発想を支える。	Create > Built-inでSolid/Null/Textを上段の3枚 `row!`、Shapesを下段 `scrollable`。各上段カードにglyph、caption、短いrole textを積む。	3枚とも既存double-click作成。role textは説明だけで、選択中layerやcompositionを暗黙に変更しない。	balanced。上段3枚＋下段3〜6枚、横幅の狭いBrowserでは下段のみscrollする。	`CreateKind`、既存Create cards、`row`/`column`/`scrollable`を再利用。背景・親子・制御の意味はDocument/Stageへ委託し、Browserにcompositionモデルを作らない。
B19	browser	Motif assembly strip	heroの形を一つ作った後、次に何を足すかが毎回ゼロからになる。	Text・Shape・Solid・Nullを一つのmotifとして眺め、制作の勢いを保ったまま次の一手を選ぶ。	上部に「Create」見出しと現在選択カードのmini `container`、下に6枚のカードgrid。mini面は選択表示だけで、作成履歴の永続リストにはしない。	single clickでfocus、double-clickで既存CreateFromCard。作成後の選択反映はShellから次のrenderで返し、Browserが履歴を推測しない。	balanced。mini 1枚＋カード6枚、複数生成後もminiは1枚に固定する。	`CardKey::Preview`、`CreateKind`、既存選択とShellの生成経路を再利用。motif履歴を新しい状態として持たず、選択中layerのprojectionへ委託する。
B20	browser	Featured create card	6枚のCreateカードが同じ重さで、heroの最初の一手を決める視線が散る。	選択中のstoryで最も重要な創作入口を一枚だけ大きく提示する。	右上にfeatured `container` 1枚、下に残り5枚の`row!`/`scrollable`。featuredは現在のCreateKindをfixtureで差し替え、他カードは既存サイズで揃える。	featuredも残りも同一mouse_area・single選択/double作成。featured切替はカードsingle clickだけで、別の「おすすめ」機能は作らない。	sparseからbalanced。featured 1＋補助5、狭幅ではfeaturedを上、補助を縦scrollする。	`create_card_face`、`card_body`、`CardHovered`、`CreateFromCard`を再利用。featured選定はIcebook fixtureまたは既存選択から与え、推薦エンジンをスクラッチしない。
B21	browser	Create-to-effect handoff	形を作るタブと、形へeffectを足すタブの間で次の操作が見失われる。	「形を作る→Glow/Mask/shape opを足す」というhero制作の因果を一つの視線で示す。	"Createカードの下端に小さな`container` ribbon「Next: Effects」、右端に`button(""Effects"")`候補を置く。Effectsタブでは同じ位置に「Selected layer」ribbonを出す。"	Createカードのdouble-clickは既存生成、Effectsボタンは`SelectTab(Effects)`へ畳む候補。自動適用はせず、次のeffectカード選択を利用者に残す。	balanced。Create 6枚またはEffects 9枚を一度に見せ、ribbonは1行だけ。	`SelectTab`、`CreateFromCard`、既存tab帯、target値渡しを再利用。クロスタブの自動workflowや新しいDocument stateは作らず、Shellのtab handoffへ委託する。
B22	browser	Utility panel shelf	PanelsのAsset tagging / Notes / Export notesが、作るカードと同じに見えて役割が伝わらない。	hero制作中に「整理・記録・書き出し確認」の補助を必要な時だけ呼び出せる。	Panelsタブは左railを残しつつ、右を3枚の横長 `button` shelfにする。各panelはglyph、panel名、短い用途を`row!`で横並びにし、Media/Effects/Createのカードより落ち着いた面にする。	card clickで選択、double-clickまたはbutton pressで将来のpanel handoff候補。未接続のPanelは選択だけにし、操作可能な顔を出さない。	sparse。3枚を同時表示し、余白で「補助面」を表現する。	`PANELS_PREVIEW`、`PreviewTag`、`PreviewScope`、既存card frameを再利用。Notes/Tagging/Exportの実体は各ownerへ委託し、Browserに内容の第二状態を作らない。
B23	browser	Shot-prompt notes	heroを作る理由や一場面の狙いが、編集途中で消える。	Notesを「便利なメモ」ではなく、heroの一場面を始める動機の短いpromptとして扱う。	Panels > Notesで、上に選択中のNotesカードを大きな`container`、下にAsset tagging/Export notesを小さなbutton shelf。本文編集欄はこのBrowser storyには置かない。	Notesカードdouble-clickはNotes ownerへのhandoff候補、Media選択は別tabのまま保持。Browser内で入力を確定する操作は増やさない。	sparse。主役1枚＋補助2枚、文章は2行ellipsisで止める。	既存Panelsカード、tab state、ellipsis、tokensを再利用。ノート本文と保存はDocument/Notes ownerへ委託し、Browserにtext_inputを新設しない。
B24	browser	Export readiness panel	heroが完成したつもりでも、書き出し時に必要な確認をどこで見るか分からない。	表現の勢いを保ったまま、完成したheroを外へ出す最後の不安を減らす。	Panels > ExportでExport notesをfeatured `container`、下にNotesとAsset tagging。featured内はstatusの読み取り専用`row!`候補（format / range / audio）とし、編集欄は置かない。	Export notesカードからExport paneへhandoff。Browserは `SelectTab` とカード選択だけを行い、実際のExport操作・進捗・再開はExport ownerへ渡す。	sparse。3枚＋確認行3つ、警告があるfixtureではstatus行だけ強調する。	`PANELS_PREVIEW`、既存tab、`container`/`row`を再利用。format/range/audioの真実はExport pane/Documentへ委託し、Browserに複製しない。
B25	browser	Asset tagging gate	Mediaが増えた後、hero候補の整理を始める入口が見えない。	大量素材からheroの候補群を再発見できるようにし、探す時間を制作時間へ戻す。	Panels > Asset taggingをfeaturedにし、上部に「current media selection」のmini `container`、下部にMediaへ戻る`button`候補を置く。タグ一覧そのものは描かない。	Asset taggingカードのdouble-clickはTagging ownerへのhandoff候補、Media buttonは`SelectTab(Media)`。タグ未接続時はcard選択だけで止める。	sparse。Panelカード3枚と選択mini 1枚、素材量はMedia側のstoryで別に見せる。	既存`Asset tagging`カード、`SelectTab`、Media選択projectionを再利用。タグ属性・favorite・collectionはstore/Filesystemへ委託し、見た目だけのタグ編集をスクラッチしない。
B26	browser	Panels split view	Panelsの補助機能を開くたびに、どのPanelを選んだかと戻り先が消える。	hero制作の流れを遮らず、補助Panelを一時的に見てすぐ主役の作業へ戻れる。	左を既存Panels rail＋カード棚、右を選択中Panelのread-only `container` に分ける `row!`。選択がない時は「Choose a panel」の最小text、Panelsカードは常に左の主役。	card clickで右面を更新、double-clickはowner handoff候補、タブ切替で右面をクリア。戻る操作は既存tab buttonへ畳む。	balanced。左3枚＋右1面、右の文章は最大4行でscrollしない。	`PreviewScope`、`CardKey::Preview`、既存tab遷移、Iced `row`/`container`を再利用。Panel内容の正本は各paneへ委託し、Browserに汎用detail routerを作らない。
B27	browser	Role rail browser	上部の4タブは役割を切り替えるが、狭いBrowserでは今どの制作段階かが弱い。	Media→Create→Effects→Panelsをhero制作の流れとして見せ、次の意図を選びやすくする。	`tab_band_view`を横帯から細い左のrole railへ置き換える候補。左からMedia/Effects/Create/Panelsの`button`、右に現行rail＋catalogを`column!`で置く。	role buttonは既存`SelectTab`、各tab内部のscope/filter/card messageは不変。active roleは既存active色とunderline相当の面差で示す。	balanced。横幅を節約し、カードgrid 2〜4列を保つ。狭幅・広幅の2 storyを比較する。	`LibraryTab`、`SelectTab`、既存rail/catalog、tokensを再利用。タブの意味や状態所有は変えず、差分はレイアウトの薄い自前組み替えだけにする。
B28	browser	Focus creation mode	Browserのrail・filter・4タブが、heroの一手を選ぶ時には視界を狭める。	一時的にカードを大きくして、作る・足すの決断をモチベーションの高い状態で行う。	`container` の上に小さなFocus `button`、有効時はrailを`Length::Shrink`相当に畳み、右catalogをFill。タブ帯は残し、カードthumbと名前を主役にする。	Focus buttonはpane-local表示状態の候補、tab/scope/query/card actionは不変。Escapeまたは同じbuttonで通常layoutへ戻す。	sparse。Focusはカード2〜6枚、通常時は既存Grid/List。大量素材ではFocusを解除して検索へ戻る。	既存catalog、`ViewMode`、search/filter、tokensのFill/spacingを再利用。Focus flagだけを一時状態へ薄く足し、Document/Sessionや別windowを作らない。
B29	browser	Selection handoff ribbon	Browserで選んだ素材・作成カード・effectカードが、どの外部対象へ渡るか見えない。	hero制作の「選ぶ→置く→足す」を一枚のhandoff ribbonで認識できるようにする。	4タブ帯の直下に高さ1行の`container` ribbon、下は現行のrail＋catalog。ribbonは `text` で選択カード名、target、次の意味を示し、catalogの主役を奪わない。	Media選択はPreview/Replace、CreateはCreateFromCard、EffectsはApply/Add、Panelsはowner handoff候補を既存Messageへ接続。未選択・複数選択は説明だけにする。	balanced。ribbonは1〜2行、カード量は各tabの現行上限を維持する。	`selected_cards`、`single_selected_layer`、`SelectionAction`、既存typed Messageを再利用。targetの正本と副作用はShell/Document/各ownerへ委託し、ribbonはprojectionに限定する。
B30	browser	Hero recipe lane	4タブがそれぞれ便利でも、heroを作る一連の因果が横断して見えない。	Mediaの主役候補、Createの形、Effectsの一手、Panelsの確認を一つの制作レシピとして思い出せる。	Browser上部に薄い `row!` の4セル（Media / Create / Effects / Panels）を置き、各セルは現在選択の小さなglyph＋nameだけを表示。下は選択中tabの現行 `rail + filter shelf + scrollable catalog` をそのまま主面にする。	4セルのbuttonは既存`SelectTab`、カード操作は各tabの既存Message。セルは次のtabへ移るだけで、自動作成・自動適用・自動書出しは行わない。	balanced。recipe laneは4セル固定、下部カードはGrid/Listと検索で量を受ける。未選択セルは空glyphではなく短いrole labelだけにする。	`LibraryTab`、tab band、選択projection、既存catalog、tokensを再利用。横断recipeの保存や履歴は作らず、各paneの意味とDocument/Sessionの正本へ委託する。
I01	inspector	Hero Transform Stack	** Position、Scale、Rotation、Opacity が同じ重さで並び、最初の一手が見えない問題を解決する。	** 画面中央の主役をまず置き、拡大し、傾けるための「最初の10秒」を支える。Position と Scale を hero 操作、Opacity 以下を仕上げとして読む。	** `column![ident_band, container(column![hero_rows]), rule, scrollable(rest)]`。hero card は Position/Scale の2行を `row![label, value cells, key]` で大きくし、下に Rotation/Opacity/Anchor を標準行で置く。`PROP / VALUE / KEY` は hero card の上に小さく残す。	** value cell の click は `text_input` focus、Enter は `FieldSubmit`。cell の press→window `PointerMoved` は scrub、右端の菱形は `KeyPressed`。ident band の名前入力は常時 visible。	** 標準幅320px、hero row 36px、通常 row 28px、section gap 12px。狭幅では hero card の補助説明を消し、値と Key を残す。	** `SelectionProjection.transform`、`transform_row`、`FieldDraft`、`KeyCellState`、既存 tokens を再利用する。新規なのは hero 2行を囲う `container` と背景階層だけで、編集経路は scratch しない。
I02	inspector	Axis Matrix	** Position/Scale の X・Y・Z が縦に散り、軸の対応関係と同時編集の意図が読み取りにくい問題を解決する。	** 3D 的な奥行きや正確な拡大率を作るとき、三軸の差分を一目で比較できる制作台になる。	"** `column![section_header(""TRANSFORM""), row![blank, X, Y, Z, KEY], matrix_row(Position), matrix_row(Scale), scalar_rows]`。Position と Scale は各 `ComponentSlot` を4列の grid 風 `row` にし、Rotation/Opacity は通常の一列へ落とす。`container` で matrix 全体を薄く囲う。"	** 各軸の cell は同じ `FieldInput/FieldSubmit` に入り、Position の Key は property 一本に対して一つだけ右端に置く。X/Y の片方を変更しても既存の Vec2 property を書き、Z は `POSITION_Z` の別入口として label を分ける。	** 幅340px以上、軸 cell 54px、label 62px、Key 24px。幅が足りない場合は X/Y/Z を縦列へ戻す responsive story を別状態として見せる。	** `RowValue::Vector` と `ComponentSlot` の意味をそのまま使い、grid 用の表示 adapter だけを自前にする。軸を別 property に再設計したり、Z を Vec2 に混ぜたりしない。
I03	inspector	Stage-Linked Coordinates	** Inspector の数値編集が Stage 上の見た目から切り離され、「値を変えた結果」が予想できない問題を解決する。	** 画面上の主役を動かしながら、現在値・基準値・変更方向を読み、ポスター的な構図を詰める。	"** 上部に `container(row![""LIVE"", current frame, layer label])` のライブ帯、その下に Position/Scale の2×2 hero controls、下段に通常 section。値 cell の左側に小さな方向 glyph を置き、Stage の preview を Inspector 内に複製しない。"	** 値 cell の drag-to-scrub は即時 preview、release で一つの undo。click は text entry。`tooltip` で drag 感度と Shift の fine mode を示し、Key click は現在 playhead の値を記録する。	** ライブ帯24px、hero cell32px、通常行26px。横幅300〜360pxで、長い layer 名は ellipsis、数値は右揃えにする。	** `FieldDragState`、`dragged_value`、`finish_field_drag` と Stage の既存 preview を再利用する。ライブ帯は Session の playhead read-only 表示だけで、Inspector 用の二重 preview state は作らない。
I04	inspector	Creation Command Deck	** 数値を読むだけの表に見え、hero 作成の「置く・大きくする・見せる」という順序が伝わらない問題を解決する。	** 制作動詞を上から `PLACE / FRAME / REVEAL` として提示し、素材をモチベーション映像の一枚へ変える。	** `column![ident_band, place_card(Position/Anchor), frame_card(Scale/Rotation), reveal_card(Opacity/Blend/Hidden), advanced_sections]`。各 card は小見出し、1〜2行、右端 Key の構成。カード間は `rule` ではなく余白で区切る。	** card 見出しは collapse button、row は既存の value/key 操作、Hidden は `toggler`、Blend は既存の cycle button。入口の順序だけ変え、Message の意味は変えない。	** 360px基準、card padding8px、見出し20px、row28px。折りたたみ時は見出しと現在値の summary だけを残す。	** 既存 section row と `CollapseState` の表現を再利用し、grouping と summary の表示だけを薄く足す。新しい「制作モード」状態や動詞別 store は作らない。
I05	inspector	Selection Delta Sheet	** 複数選択時に共通値・ばらつき・編集可能範囲が分からず、hero の統一感を作れない問題を解決する。	** 複数レイヤーを一つのモーション群として揃え、タイトル・装飾・背景を同じリズムへ寄せる。	** 上部に `N layers selected` と text 対象数の band。各 transform row は `common value`、不一致は `—` と薄い `mixed` badge、右端に bulk affordance。下に bulk-safe な attrs と text section を置く。	** 共通値だけを text_input/drag で編集し、不一致 cell は click で「全選択へ適用」の明示 entry を出す。Key は複数対象に同じ `KeyPressed` semantics を渡す。text は全選択が Text の時だけ editable とする。	** 300px、band32px、row28px。情報量が多いので section は最初から `scrollable`、mixed badge は8pxの文字で値を圧迫しない。	** `selection_count`、`text_layer_count`、既存 bulk projection と一括 Intent を再利用する。混在値の描画 adapter は自前にするが、単一選択用の fake layer は作らない。
I06	inspector	Narrow Focus Inspector	** 小さい dock 幅でラベル・値・Key が潰れ、どの行を触れるか分からなくなる問題を解決する。	** 画面を広く Stage に残したまま、今触る一つの数値を確実に決める。hero 作成の集中席である。	** 上部に layer 名と現在の section 名だけを固定し、`scrollable(column![one expanded section])`。row は `label` を上段、`value + key` を下段にする二段構成。隣接 section は compact disclosure にする。	** section header を button で切り替え、value cell は focus 時だけ border を強める。drag は value 全幅、Key は同じ row の右端に固定して誤タップを減らす。	** 220〜260px、label18px、editor32px、section header30px。数値の小数桁は既存 `field_decimals` に従い、フォントを縮めて詰めない。	** 既存 row の field/key semantics、`value_input_style`、scrollable を再利用する。二段 row の geometry と focus decoration のみ自前で、別 input parser は作らない。
I07	inspector	Three-State Key Rail	** Key の菱形が「キーなし」「現在時刻にキー」「別時刻に track あり」を伝えきれず、クリックの結果が怖い問題を解決する。	** 静止画を動きへ変える入口を Inspector の全 animatable row に揃え、hero の開始・中間・終端を作りやすくする。	** `column![property_header, rows]` の右端に24pxの Key rail。各 row は label/value/Key の同じ baseline、Key state は glyph + 小さな tint だけで表し、追加説明は `tooltip` に逃がす。	** `KeyCellState::Static` は click で playhead key を作成、`AtPlayhead` は click でそのキーを外し、`Between` は評価値で key を追加する。hover tooltip に3状態を表示し、double click は使わない。	** row28px、Key24px、rail の背景は section ごとに一枚。高密度でも click target は24pxを下回らない。	** `key_cell_state`、`toggled_key_track`、`KeyRow`、既存 glyph を完全再利用する。新規は rail の背景/hover 表現だけで、keyframe model や toggle semantics は scratch しない。
I08	inspector	Animated-Only Property Shelf	** property が増えると静止値の行が keyframe の発見を邪魔し、いま動いている要素へ到達できない問題を解決する。	** すでに動き始めた hero の「どの値が次の演出を決めるか」だけを見せ、モーションの調整を速くする。	** section header に `Animated only` toggler と `N animated` count。on の時は track が存在する row、off の時は全 row。animated row の Key rail は常時可視、未アニメート row は低コントラストにする。	** toggler は Session の表示状態だけを変え、Document を書かない。filtered row の value/key 操作は通常経路、off に戻してもスクロール位置は保持する。	** 280〜340px、header32px、row28px。count と toggler を同じ24px帯に置き、フィルタ説明を本文へ増やさない。	** track の有無と projection の既存 row を再利用し、filter は view-only state にする。各 section に別々の「animated」判定や property catalogue を新設しない。
I09	inspector	Playhead Value Lens	** 現在 playhead で評価された値と、静止値/キーの存在が混ざって見える問題を解決する。	** 今見えているフレームを基準に、前後のポーズを同じ hero の連続として調整する。	** panel top に `FRAME 042 · 00:01.400` の lens band、続いて大きな current value、下に `source: static / key / track` の小さな provenance line と通常 row。値は右寄せ、source は色でなく text でも読めるようにする。	** playhead は Inspector から編集せず read-only。value click/drag と Key click は既存 semantics。`tooltip` で「評価値は現在時刻の値」と説明し、source badge は押せない。	** band36px、hero value44px、通常 row28px。数値を大きくするのは lens の一つだけで、縦スクロールを圧迫しない。	** `StoreView::value_at`、key state、既存 playhead/session read を再利用する。source line の表示 adapter だけ自前にし、評価経路を Inspector 独自に複製しない。
I10	inspector	Property Source Ledger	** 値が Track、Slot、Link のどこから来ているか分からず、編集しても期待した場所を変えられない問題を解決する。	** hero の見た目を「自分のキー」「共有された制御」「別レイヤーの値」のどれで作っているか理解し、後から崩れない制作を促す。	** property row の value 下に source strip を一行だけ置く。左に `Track / Slot / Link` label、中央に source 名、右に `KEY`/`OPEN` button。source strip は通常 row より薄く、編集値の主役を奪わない。	** source strip は read-only summary。Link の場合だけ I25/I26 の pick_list entry、Track/Slot は将来の詳細 drawer button を disabled/tooltip で予告する。value/key は今までどおり。	** row34px、source strip16px、320px幅。source 名が長い場合は ellipsis と full tooltip。	** `StoreView::property_source`、`PropertySource`、existing Link projection を再利用する。source badge と adapter のみ自前で、Slot/Link の新しい解決規則は作らない。
I11	inspector	Keyframe Detail Drawer	** Key を押せることは分かっても、どの時刻を編集しているか、どの補間が働くかが見えない問題を解決する。	** hero の「間」を詰めるため、選択中 property のキー群を Inspector 内で時間順に読めるようにする。	** 通常 property rows の下に `selected property` drawer。上段に property 名と現在値、下段に横方向の `row` で菱形、時刻 label、selected state を並べ、最後に `Interpolation` summary。グラフ canvas は使わず標準 widget で story 化する。	** Key glyph click は drawer を開くだけの story entry、キー button は選択/解除、時刻の direct edit は後段として disabled placeholder。既存の Key click は drawer 外の通常 row で維持する。	** drawer72px、key marker16px、panel幅360px。キー数が多い時は横 `scrollable` ではなく要約（first/current/last）へ畳む。	** `KeyframeTrack` の既存 read、timeline grammar の time order、既存 key glyph を再利用する。key selection state と graph editor は別機構を増やさず、詳細編集は未接続 story と明示する。
I12	inspector	Text Style Key Strip	** Text の Size、Line Height、Tracking は animatable なのに、Content/Font/Justify と同じ静止欄に見えて keyframe の入口を失う問題を解決する。	** タイトルのサイズ、行間、字間を時間で変え、モチベーション動画の「出現」と「余韻」を作る。	** TEXT section を `Content card` と `Style card` に分け、Style card の Size/Line Height/Tracking だけ `PROP / VALUE / KEY` の三列、Font/Justify は二列。Style card 上部に text specimen を一行置く。	** Size/Line Height/Tracking は `text_style_key_button` と既存 drag-to-scrub/submit、Font は `pick_list`、Justify は cycle button、Content は `text_editor` と Cmd/Ctrl+Enter commit。異なる入口を見た目でも分ける。	** specimen32px、style row30px、content editor 72px。360px幅を基準にし、長い本文は editor 内で scrollable。	** `TextSectionProjection`、`TextStyleField`、style track commit/toggle、`text_editor` を再利用する。style card の grouping と specimen preview だけ自前で、Content を KeyframeTrack に偽装しない。
I13	inspector	Effect Rack	** Effects が単なる設定行の束に見え、適用順・bypass・parameter の関係が読めない問題を解決する。	** Glow などの効果を積み、hero の輪郭・発光・余韻を「足す順序」として作る rack である。	** `EFFECTS` section を effect ごとの `container(column![effect header, params])` にする。header は name、bypass toggler、up/down/remove buttons、params は `indent + label/value/key`。effect 間は薄い `rule`。	** Bypass は `ToggleEffectBypass`、順序は move up/down、削除は remove。param value/key は Transform row 文法、未知 param は出さない。header collapse は presentation state。	** header30px、param28px、indent12px、rack幅340px。effect が多い時は一つだけ展開する story と全展開 story を比較できる。	** `EffectRowProjection`、`effects_with_moved_*`、`toggle_inspector_effect_bypass`、`parameters_for_provider` を再利用する。rack card の見た目のみ自前で、effect param 専用 editor は作らない。
I14	inspector	Provider Parameter Console	** provider ごとに parameter 数・型・keyframe 可否が違うのに、全 effect を同じ固定フォームで扱おうとする問題を解決する。	** Glow のような効果を「その provider が宣言した意味」の範囲で調整し、未定義の knob を増やさず hero の質感を作る。	** effect header の下に provider badge、capability summary、catalog 順の parameter rows。Scalar は数値 cell、Bool は toggler、Enum は compact button/pick list とし、右端 Key は descriptor の `keyframeable` が true の時だけ active にする。	** `ParameterDescriptor` の label/default/capability から editor を選ぶ。未知の kind は generic read-only row、unknown provider は I15 へ。parameter の編集確定は既存 field draft/Intent に合わせる。	** provider badge22px、param28px、最大2列ではなく一列優先。effect 名と provider 名を混ぜず、幅320pxで可読性を守る。	** `InspectorDevice`、`ParameterDescriptor`、`ParameterCapabilities`、provider registry を委託先にする。type-to-editor の最小 adapter 以外は固定 parameter enum や provider-specific scratch を作らない。
I15	inspector	Unknown Provider Safe Dock	** 未知 provider に対して UI が勝手に parameter を捏造したり、空白だけを出して原因を隠したりする問題を解決する。	** 既存 hero を壊さず、読み込んだ効果が「存在するが編集不能」なのかを明確にし、次の復旧判断へ進める。	"** effect header は通常の name/bypass/order を保持。params area は `container(column![warning icon, ""Provider unavailable"", provider id, ""0 declared parameters""])`。下に read-only `preserved tracks` summary と retry/replace の future button を置く。"	** provider id は copyable text、bypass/order/remove は通常どおり。parameter rows/pick_list は表示しない。warning tooltip に「catalog が空なので意味を発明していない」と出す。	** warning card64px、header30px、320px幅。警告色だけに依存せず、見出しと provider id を必ず文字で置く。	** `device_for_provider(...)=None` と空 parameter catalog の既存 fallback を再利用する。error card と future action の見た目だけ自前で、未知 provider の schema decoder は Inspector で scratch しない。
I16	inspector	Effect Order Ladder	** 複数 effect の上下順が小さな up/down button だけでは把握しにくく、見た目の因果を作れない問題を解決する。	** `Color → Blur → Glow` のような適用順を視覚的な梯子にし、hero の輪郭から発光までを上から下へ組み立てる。	** 左に細い順序 rail `01/02/03`、中央に effect header、右に bypass/remove。展開した effect だけ params をインデントし、折りたたみ effect は provider/name/one-line summary にする。	** up/down buttons は既存 move Intent、並べ替え drag は story では disabled として表示し、未実装の別 write path を暗示しない。header click で collapse、param row は通常編集。	** order rail24px、header30px、param28px、幅340px。3〜5 effect を一画面で比較できる縦密度を基準にする。	** `effects_with_moved_up/down` と effect list order を再利用する。rail と collapse decoration だけ自前で、drag reorder の意味は追加しない。
I17	inspector	Bypass A/B Strip	** effect の enabled が静止 toggle に見え、bypass と remove の違い、時間で切り替わる状態が分からない問題を解決する。	** 効果あり/なしをすばやく聴き比べ・見比べし、hero に本当に必要な効果だけを残す。	** effect header に `ON/OFF` label、状態 dot、Key glyph を横並びにし、その下に params。右端に remove を離して配置し、破壊操作と bypass を視覚的に分ける。	** `toggler`/header button は enabled track の current evaluated value を切り替え、Key glyph は `KeyRow::EffectEnabled` の3状態。remove は別 button + tooltip。状態 dot は decoration であり真実を保持しない。	** header32px、A/B strip は24px、params28px。色覚差に備え ON/OFF 文字を常に表示する。	** `EffectRowProjection.enabled`、`enabled_key`、`toggle_inspector_effect_bypass` を再利用する。A/B strip の見た目だけ自前で、bypass を effect list から除去する処理は作らない。
I18	inspector	Copy-First Text Editor	** Text layer を選んでも本文入力が目立たず、hero のメッセージを作るまでに設定欄を通過しすぎる問題を解決する。	** コピーを最初に置き、フォント・サイズ・色を後から整える。モチベーション動画の言葉を作るための primary authoring surface。	** TEXT section の先頭に `text_editor` を大きな card として置き、下に `Font Family / Size / Justify`、さらに `Line Height / Tracking / color`。editor 上部に character count ではなく layer name と本文の role label を置く。	** `ContentEditorAction` で編集し Cmd/Ctrl+Enter で commit、blur でも既存規約に従う。Font は `pick_list`、Size/Line Height/Tracking は text field + drag/key、Justify は cycle button。	** editor84px、style row30px、320〜380px幅。本文の複数行を優先し、font path の技術情報は tooltip に隠す。	** `text_editor`、`ContentEditorCommit`、`TextSectionProjection`、font pick の既存経路を再利用する。copy card の背景と順番だけ自前で、text document の部分更新モデルを新設しない。
I19	inspector	Typography Specimen Rail	** Font、Size、Line Height、Tracking の数値を見ても、実際の見出しの印象を想像しにくい問題を解決する。	** hero の言葉を「読める」だけでなく、ポスターの声量・呼吸・重心として調整する。	** 上に実際の `content` を `text` で描く specimen band、下に typography controls を `column`。Font row は family/path summary、Size/Line Height/Tracking は値+Key、Justify は三択を巡回する compact button。	** controls の変更は既存の commit semantics、specimen は projection の resolved style だけを読む。specimen 自体は編集不可で、editor entry は I18 の content card へ tooltip link とする。	** specimen56px、control28px、panel360px。本文が長い時は一行 ellipsis ではなく最初の2行を clip して typographic rhythm を見せる。	** `TextDocumentStyle`、resolved projection、既存 token typography を再利用する。preview text の表示 adapter だけ自前で、別 font renderer や style cache は作らない。
I20	inspector	Text Motion Workbook	** Text style の keyframeable fields と静止 fields が混ざり、文字の登場演出を設計しにくい問題を解決する。	** Size/Line Height/Tracking の3つを時間軸の小さな workbook として扱い、タイトルの grow、breath、tracking-in を作る。	** `text_editor` は折りたたみ、Style workbook を主役にする。各 animatable row に左 label、current value、Key glyph、右に `track present` mini line。Font/Justify は `STATIC` group にまとめる。	** Size/Line Height/Tracking の Key button と drag/submit は既存 text-style route。mini line は read-only story fixture。Font/Justify に Key を表示しない。	** workbook row32px、static row26px、mini line40px。340px幅、縦に3 animatable rows が常に見えることを優先する。	** `TextStyleField`、`toggle_text_style_key`、`commit_text_style_track_field`、`KeyCellState` を再利用する。mini line は read-only 表現に留め、Content/Font/Justify の新しい keyframe 機構は作らない。
I21	inspector	Missing Font Recovery Card	** Font path が壊れていても text layer が空白に見え、本文の問題なのか font の問題なのか分からない状態を解決する。	** hero のコピーを失わず、代替 font を選んで再び画面上の主役へ戻すための復旧席。	** specimen の場所に fallback text を描き、上部に `Font unavailable` banner、中央に family/path、下部に `pick_list` と `Use fallback` button。Size/Justify は下段で編集可能なまま残す。	** `PickFont` は family と path を同時に commit。pick list が空なら path を捏造せず、error text と既存 content editor entry を表示する。fallback は story action として disabled/available を fixture で分ける。	** banner32px、specimen56px、font recovery row36px、360px幅。赤一色にせず icon/text/path を併記する。	** `font_family_row`、`commit_text_font_pick`、`TextDocumentProjection` の既存 fallback を再利用する。missing state のカードだけ自前で、font discovery や path resolver を Inspector に作らない。
I22	inspector	Swatch-First Color Desk	** RGBA の数字を先に見せると、hero の色の印象と Fill/Stroke の対象が分からない問題を解決する。	** タイトルの Fill と Stroke を一目で比べ、画面の温度・コントラスト・ブランド色を決める。	** Color section 上部に大きな swatch pair `FILL | STROKE`、下に各 target の R/G/B/A channel rows。target label と swatch を左に固定し、8-bit value を右に置く。	** swatch click は対応 channel input に focus、channel は draft→commit。Fill と Stroke は target を明示し、Stroke None は既定色から promotion される既存意味を helper text で示す。	** swatch44px、channel26px、panel320〜360px。hex を新しい入力として増やさず、既存の8-bit channel convention を主にする。	** `color_row`、`ColorFieldDraft`、`ColorTarget`、`parse_color_channel_u8`、既存 label chip formula を再利用する。swatch-first の layout だけ自前で、別 color model は作らない。
I23	inspector	Fill / Stroke Split	** Fill と Stroke の channel が縦に混ざり、どちらを編集したか分からない問題を解決する。	** 文字の面と縁を別々の役割として調整し、背景上で読める hero title を作る。	** `row![fill_card, stroke_card]` を横に置ける幅では二分割、狭幅では縦 stack。各 card は target swatch、target label、RGBA 4行、Key/animation は表示しない（現行 color module の範囲）。	** 各 card の channel input は target を payload に持ち、片方の変更で他方を触らない。Stroke None の場合は default base を使う既存 commit を表示し、card 自体は empty にならない。	** 広幅360px以上、card最小168px、channel24px。狭幅260pxでは縦 stack とし、左右を無理に潰さない。	** `ColorTarget::Fill/Stroke`、commit の mismatched-draft guard、channel parser を再利用する。二枚 card の layout だけ自前で、color picker/wheel は追加しない。
I24	inspector	Color Channel Audit	** 色の見た目は良くても、alpha や一つの channel の入力だけが意図せず変わり、微調整の履歴が追えない問題を解決する。	** 最後の色合わせを精密に行い、背景上で文字が沈まない hero finish を作る。	** 上に swatch と `rgba(… )` summary、下に R/G/B/A の4行。各 row は channel name、8-bit input、thin value bar、reset affordance。summary は read-only。	** input は既存 draft/submit、bar は decoration。無効な文字列は row 内 error text として留め、Document を書かない。同値 commit は undo step を増やさない。	** summary36px、channel28px、320px幅。bar は4px、input は38px以上を確保し、数値の legibility を優先する。	** `parse_color_channel_u8`、commit validation、same-value no-op、RGBA index mapping を再利用する。value bar の表示だけ自前で、色補正計算や別履歴を作らない。
I25	inspector	Link Matrix	** Position、Scale、Rotation、Opacity、Anchor のどれが別レイヤーに委譲されているかが、個別 pick list を開かないと分からない問題を解決する。	** hero の主役と補助レイヤーを結び、同じ動きを保ったまま複数素材で構図を作る。	** LINK section を5行固定の matrix にする。各 row は target property、現在 source（`—`/`Layer (#id) · Property`）、右端 `pick_list`/clear button。リンク済み行には薄い chain glyph を付ける。	** pick list は `LinkSourceCandidate` をそのまま表示し、candidate の layer id を必ず含める。clear は source を通常 track/slot に戻す既存 intent、cycle/error は link status helper に出す。	** row30px、property label68px、320px幅。5行を常時並べ、空の link も `—` として入口を残す。	** `LinkTarget::ALL`、`LinkRowProjection`、`commit_inspector_link`、`clear_inspector_link`、cycle exclusion を再利用する。matrix decoration だけ自前で、effect/mask param link を勝手に拡張しない。
I26	inspector	Source Picker Spotlight	** 候補が多い project で、どの layer/property を link 元に選ぶかを確認しにくい問題を解決する。	** hero の制御元を意図的に選び、後からレイヤー名の重複で壊れない制御関係を作る。	** 選択中 target の一行だけを上部 spotlight に拡大し、`target → source` の矢印を見せる。下に他の4 target を compact list。spotlight 内に `pick_list` と current source chip、clear button を置く。	** row click で spotlight target を変える。pick list の label は `name (#id) · property`、循環候補は catalog から除外済みとして出さない。選択確定は既存 `SetPropertyLink` の一回で行う。	** spotlight56px、compact row24px、360px幅。候補リストは popup に任せ、panel 内に別検索 state を作らない。	** `LinkSourceCandidate::display_label`、projection の cycle filter、stock `pick_list` を再利用する。spotlight の selection/presentation state だけ自前で、link graph の別解決器は作らない。
I27	inspector	Link Safety State	** 自己参照・循環・対象消失の link が「選べない」のか「壊れている」のか不明で、制作の因果を追えない問題を解決する。	** hero の制御関係を安全に保ち、リンクを使った演出が無言でループしたり消えたりしないようにする。	** link row に state chip `Linked / Unlinked / Blocked`、source label、reason line を置く。Blocked は `not allowed` icon + 明示文、Linked は chain glyph + source、Unlinked は通常の pick list を保持する。	** blocked candidate は popup に出さず、row tooltip で cycle reason を説明。source missing は read-only broken chip と clear action。成功した link の entry は I25 と同じ。	** row38px（reason がある時）、通常30px、320px幅。state は色だけでなく文字を表示する。	** UI 側の `link_would_cycle` 相当の projection、store の最終拒否、既存 clear/commit を再利用する。reason text の adapter だけ自前で、循環判定を二重の新規アルゴリズムにしない。
I28	inspector	No Selection Landing	** 選択なしの Inspector が単なる空白になり、次に何をすれば hero creation が始まるか分からない問題を解決する。	** 最初の選択を促し、空の project から「一枚の主役」を作る導線にする。通常ソフトの設定空間ではなく creation start screen として扱う。	"** `container(column![large selection glyph, ""Select a layer"", one-line hint, shortcut chip])` を panel 中央に置く。現在の `選択なし — layer を選ぶと Transform / Attrs が並ぶ` の意味を保ち、補助 action は一つだけにする。"	** panel 内の action は Stage/Timeline での選択へ focus を戻す read-only/host message。空白をクリックして勝手に layer を作らない。Esc は host の focus semantics に戻す。	** center card 220px、icon48px、headline16px、hint12px。panel幅240〜360pxで余白を多くし、空状態をエラー密度にしない。	** 既存 `empty_state`、`Session` focus、token typography を再利用する。large glyph と shortcut chip の presentation だけ自前で、empty state から Document mutation を発明しない。
I29	inspector	Mixed Selection Triage	** Text、Shape、Media が混在した選択で、編集できる section とできない section が分からず、誤って全レイヤーへ適用しそうになる問題を解決する。	** 異なる素材をまとめて選び、共通のモーション/名前/可視性だけを揃えつつ、固有の hero controls は対象を選んで続ける。	** 上部に `N layers selected` band と type chips。中央に `Common controls`（bulk-safe attrs/transform の summary）、下に `Text only / Shape only / Media only` の collapsed cards。編集不能 card には対象数と理由を出す。	** common controls は既存 bulk entry、type card click は selection を変えず filter/read view だけを切り替える。Text card は全選択が Text の時だけ `text_editor`、混在時は read-only summary にする。	** band34px、type chip20px、card30px、320〜360px幅。混在理由は一行に限定し、長文 tooltip へ送る。	** `selection_count`、`text_layer_count`、既存 multi-selection view と compatibility rule を再利用する。triage card の grouping だけ自前で、混在値を架空の共通 property に変換しない。
I30	inspector	Inspector Recovery Envelope	** projection error、unknown provider、missing source、壊れた値が同じ無言の空欄になり、hero を直す入口を失う問題を解決する。	** 既存の制作状態を隠さず、何が編集可能で何が復旧待ちかを見える化して、途中の hero を安全に救う。	** panel top に status envelope `Ready / Partial / Blocked`、その下に編集可能な sections、最後に `Recovery` stack。各 issue は severity icon、対象（layer/provider/property）、原因、safe action を一枚の `container` にする。正常な Transform は警告に埋めない。	** safe action は既存の retry/clear/remove/select-source へ限定し、原因不明の auto-fix button は出さない。編集可能な row は通常経路を維持し、壊れた row は read-only + tooltip。provider catalog が空なら I15 の fallback を使う。	** status28px、normal row28px、issue card52px、360px幅。問題がない時は Recovery stack 自体を出さず、警告を常設しない。	** `device_for_provider` fallback、projection の欠損/empty 判定、既存 clear/remove/selection entry を再利用する。envelope の表示と issue grouping のみ自前で、Inspector が修復ロジックや別エラーモデルを所有しない。
ST-01	stage	stage-camera-truth / Camera Truth	いま見ている絵が書き出される絵なのか分からず、heroの判断を止める。	Camera viewを「完成物と同じ視点」と一目で伝え、安心して主役の配置と動きを試せる。	canvasを全面の主役にし、上縁にCamera / User Viewの二択だけを置く。compのletterboxを暗幕、作品を最も明るい面、下縁を小さな状態帯にする。	Cameraタブで出力視点へ戻る。User Viewからも同じタブへ戻れる。絵の上には余計な常設ボタンを置かない。	sparse。1920×1080の単一テキスト＋背景、1600px幅以上の大きなcanvasを想定。	視点タブ、letterbox、render_frame、状態帯へ委託する。自前はstory用の内容とCameraの意味を示す最小ラベルだけ。別のpreview計算は作らない。
ST-02	stage	stage-user-view-return / User View Return	世界を眺める途中で出力枠を見失い、探索がそのまま誤った構図になる。	少し引いた視点から空間の勢いを探し、1操作で完成画角へ戻って試行錯誤を続ける。	User Viewを選択状態の面塗りで示し、canvas内に出力カメラの枠だけを細く重ねる。枠外は暗く、枠内のheroを明るくする。	ホイールで観測zoom、中ボタンドラッグでpan。下縁の「Return to Camera」とShift+Fは同じ動詞へ向ける。	sparse-to-balanced。zの異なる3層を置き、カメラ枠と視差が読める900×600以上のcanvas。	ObservationCamera、zoom_at_screen_point、pan_by_screen_delta、frame cornersを再利用する。自前は枠外暗幕と復帰ラベルの見せ方だけ。観測値をDocumentの第二カメラにしない。
ST-03	stage	stage-point-cloud-observatory / Point Cloud Observatory	点群が単なる密な画像に見え、奥行きと主役の位置を発見できない。	点群の密度と奥行きから、静止画では出ない空間的なheroの核を見つける。	黒に近いcanvasに点群を大きく置き、選択した密度塊だけを淡いhaloで囲む。上縁にはCamera / User View、右下には小さなDepth range readoutだけ。	点群の塊をクリックして選択。wheelで観測zoom、middle dragでpan。選択の焦点化は既存のStage選択入口から入る。	dense。数万点、前景・中景・背景の3密度層を想定。点が小さくても主役のhaloが読める1200px幅。	point_cloud / depth_cloudの描画はre_rendererへ、視点はComposition.cameraとObservationCameraへ委託する。自前は密度塊の選択haloだけ。クラスタリングや点群rendererを新規実装しない。
ST-04	stage	stage-parallax-ladder / Parallax Ladder	zを変えれば視差が出るのに、どの層が前後にあるかを画面上で推測しにくい。	文字・画像・点群を奥行きの階段へ置き、最小の操作でheroらしい前後感を作る。	canvasを左85%、右に細いDepth ladderを置く。選択層の点だけ明るくし、pinned層は梯子の外に小さく固定表示する。	選択層の点を上下へドラッグしてzを調整する案。0位置へのresetは既存のproperty操作へ戻す。Camera姿勢のorbitは提供しない。	balanced。5層まで。canvasは1000×650以上、ladderは視線を奪わない48px程度。	LayerPlacementのz、pinned、既存のcamera projectionへ委託する。自前はzの可視化と入力変換の薄い継ぎ目だけ。レイヤー専用の3D世界や第二カメラは作らない。
ST-05	stage	stage-depth-scan / Depth Scan	点群や3Dメッシュの前後関係が一枚の塊になり、どこを主役にすべきか判断できない。	深度の帯を観察して、視差が最も強く出る部分をheroの焦点へ昇格させる。	canvasの下辺にだけ、前景・中景・背景を示す三段のdepth scan stripを置く。主役の点群は中央、帯は小さく半透明にする。	scan stripの帯をクリックして対応する深度群をhighlight。wheelとpanはUser Viewの既存操作。Camera viewでは出力枠を保つ。	balanced。3深度帯、選択前後の差が分かる程度の点数。横幅1200px、帯は32px。	point/depth rendererとObservationCameraへ委託し、表示専用のhighlightだけを自前にする。深度解析・再配置の正本をStage内に持たない。
ST-06	stage	stage-fixed-axis-perspective / Fixed-axis Perspective	2.5Dの奥行き表現は欲しいが、自由orbitを入れると世界・書き出し・操作の意味が増殖する。	固定軸のままzとzoomだけで透視のインパクトを体験し、Motoliiの一つの世界という考え方を直感化する。	canvas中央に薄いvanishing depth guide、上縁に「Perspective / fixed axis」の状態ラベルだけを置く。操作器具は増やさず作品を最優先する。	User Viewのpan/zoom、選択層のz調整だけ。cameraの向き変更入口は作らない。Cameraタブではguideを消す。	sparse。z=0の平面2枚とzを持つ1枚を比較できる、1000×560以上のcanvas。	Projection::Perspective、Composition.camera、glamの既存数学へ委託する。自前は固定軸であることの説明guideだけ。自由orbit、handedness、pose propertyを先に発明しない。
ST-07	stage	stage-frame-lock / Composition Frame Lock	letterboxの外へ配置した素材が「壊れた」のか、意図したcropなのか分からない。	画角の外側を恐れずに主役を大きくし、最後に出力枠へ戻して構図を決められる。	comp rectangleを明るい境界、枠外を均一な暗幕、選択layerをその上に描く。枠線は作品を囲う装飾ではなく、出力範囲の意味として一重にする。	Camera viewでframe lockを表示。User Viewではframeを観測しながらpan/zoom。Fitは既存のview操作へ委託し、枠をdragしてcameraを複製しない。	sparse。単一のhero titleが枠を一部はみ出すfixture。800×500から成立。	letterboxed_rect、render camera corners、Camera/User Viewを再利用する。自前は暗幕の階調と枠の状態表現だけ。新しいcrop stateは持たない。
ST-08	stage	stage-thirds-tension / Thirds Tension	主役を中央に置くだけになり、視線の流れや余白を試せない。	文字や点群を三分割の交点へ置き、最初の一枚から意図のあるhero構図を作る。	canvas全体に9分割を薄く敷き、4つの交点だけをhover時に少し明るくする。grid名や説明文は常設しない。	Stageのsheet toggleからGridを選択。gizmoで主役を交点へ移す。snapは見せず、必要なら補助点を一時表示するだけ。	sparse。主役1、支え2、背景1。1280×720以上で線が作品を覆わないことを想定。	SheetOverlay、GizmoOverlay、既存のposition propertyへ委託する。自前は交点のhover cueだけ。独自のlayout engineやsnap正本を作らない。
ST-09	stage	stage-golden-flow / Golden Flow	静止したheroの中で視線の進行方向を設計できず、画面が平板になる。	黄金比の流れへ文字の起点と点群の密度を沿わせ、動きの出発点を決める。	黄金比guideを一枚だけcanvasへ重ね、螺旋の終点に小さなfocus markerを置く。guideは低コントラスト、作品は常に前面。	SheetsのGoldenを選び、gizmoでheroをguide上へ置く。markerは表示専用で、押して新状態を作らない。	sparse-to-balanced。文字1と点群1の二主役を想定。1000×600以上。	既存のgolden sheetとcamera-to-screen変換へ委託する。自前は終点markerとfixtureの初期配置だけ。黄金比から自動レイアウトを発明しない。
ST-10	stage	stage-safe-title / Safe Title	文字MVの主役がsafe areaを越え、見栄えの良い構図と発信できる構図が衝突する。	文字を大きく動かしながら、タイトルの可読範囲を守る。	title-safeを内側の細線、action-safeを外側の点線、文字のbboxを最も明るい線で表示する。作品外の説明は一行のlegendだけ。	Safe areasのsheet toggleから表示。gizmoで文字を動かすとbboxだけ追従する。guide自体は編集対象にしない。	balanced。3行の日本語タイトル＋背景画像。900×600以上で日本語の輪郭がsafe線に埋もれない。	SheetToggles、text layerのbbox、GizmoOverlayへ委託する。自前はsafeの二重線とlegendだけ。text layoutやexport safe判定をStageで二重化しない。
ST-11	stage	stage-roll-horizon / Roll Horizon	camera rollで画面に勢いを与えたとき、水平の基準を失って調整が偶然になる。	文字や点群の斜めの力を意図的に作り、rollをheroの演出として扱う。	canvas中央に短いhorizon lineを薄く置き、作品の角度とCameraのrollを同時に読めるようにする。Camera viewではlineを消し、User Viewでのみ出す。	camera roll propertyの既存入力へ移る。Stage上のhorizonは基準線であり、回転handleの代わりにしない。	sparse。大きな一文字＋3層の点。1000×560以上。	Composition.cameraのroll、既存camera property、ObservationCameraへ委託する。自前はhorizonの表示だけ。camera専用の新しい状態所有者は作らない。
ST-12	stage	stage-overlay-stack / Overlay Stack	grid、safe、frame、selectionが同時に出ると、heroの輪郭より補助線が目立つ。	必要なguideだけを瞬時に残し、作品の主役へ視線を戻す。	canvasの左上に縦積みの小さなstate chipsを置く。activeなsheetだけがcanvasへ描画され、inactiveなものは薄い文字で存在だけ示す。	chipをクリックしてGrid、Thirds、Golden、Safe、Frameを個別にtoggle。Escapeでchipsを畳むが、canvasの意味は変えない。	balanced。guideが5種類、作品は3層まで。chipsは28px幅の縦列で、canvasを覆わない。	SheetToggles、frame overlay、既存viewer stateの表示専用状態へ委託する。自前は複数toggleを一つの視覚的入口へ束ねる薄い器だけ。新しいoverlay計算は作らない。
ST-13	stage	stage-gizmo-bounds / Transform Bounds	変形値をInspectorで探す間に、作品の見た目と操作の因果が切れる。	文字・画像・点群を直接つかみ、位置・拡縮・回転を見た結果のまま試せる。	選択layerのbboxを中太線、8つのscale handleを小さな面、中心のanchorを別形状で描く。非選択layerの輪郭は消す。	bbox内はmove、8 handleはscale、外周handleはrotate、anchorはpan-behind。dragはStart→Move→Commit/Cancelの一周にする。	balanced。選択1、周辺layer4。canvas 900×600以上、handleは高DPIでも指で拾える大きさ。	GizmoTarget、gizmo hit-test、GizmoDragの契約、PropertyIdへ委託する。自前はstory fixtureと色の状態差だけ。Stage内でDocumentを書かない。
ST-14	stage	stage-anchor-compensation / Anchor Compensation	anchorを動かすとlayerの見た目まで動き、回転中心を試すことが怖くなる。	文字の中心や点群の重心をずらして、回転・拡縮の感情的な軸を作る。	anchor markerをbbox中心から離して強調し、元の中心と補償後のpositionを細いghost lineで結ぶ。ghostはdrag中だけ出す。	anchorをdragすると見た目を保ったままpositionを補償。Escでtransientを捨て、releaseで一つの編集として確定。	sparse。大きな単語1つ、補償線が読める1200×700。	GizmoValue::Anchorのanchor＋position対書き、transient、1 gesture＝1 commitへ委託する。自前はghost lineだけ。anchor用の第二historyや別transform modelは作らない。
ST-15	stage	stage-rotation-ring / Rotation Ring	kinetic typeを回すとき、pivotと角度の関係が見えず、勢いを偶然に頼る。	文字の回転軌道を目で読み、静止画でも動きの予感があるheroを作る。	bboxは低コントラスト、外側のrotation ringとanchorだけを高コントラストにする。cursor近くに一時的な角度値を置く。	ringをdragしてrotation propertyを更新。releaseでcommit、Escでcancel。bodyやscale handleとのhit-test順は既存gizmoに従う。	sparse-to-balanced。大きな文字1、補助図形2。ring外周に余白を取れる1000×650。	既存Rotate handle、GizmoPhase、rotation propertyへ委託する。自前はdrag中の角度readoutだけ。別のrotation editorや常設numeric panelは作らない。
ST-16	stage	stage-selection-constellation / Selection Constellation	複数の素材を同じheroの群れとして扱うと、何が選択されているか見失う。	文字、点、背景の役割を一つの視覚的なまとまりとして試し、群れの重心を作る。	active layerは明るいbbox、他の選択layerは細い点線、非選択layerは通常表示。画面端に選択数を一行だけ出す。	marquee、Shift追加、空クリック解除。shared boxを出す案では、1 gesture＝1 commitのDocument batchへ戻す。	dense。選択8、非選択10まで。canvas 1200×700以上、bboxが重なってもactiveを判別できること。	MarqueeOverlay、Session selection、Document::apply_allへ委託する。自前はshared selection outlineを足す場合の薄い表示だけ。選択正本をStageに複製しない。
ST-17	stage	stage-path-sculpt / Path Sculpt	ベジェ形状の輪郭をInspectorへ往復しながら作ると、heroのシルエットを失う。	ペンの軌跡そのものを主役の形として試し、文字や点群の背後に固有の輪郭を置く。	pathの頂点を小さな点、選択頂点を明るいring、control handleを細線で描く。完成したfillは薄く、輪郭を優先する。	頂点drag、control handle drag、path close。releaseで確定、Escapeでキャンセル。shape toolのSelect中は他のoverlayへイベントを渡す。	balanced。12頂点以内、1000×600以上。全頂点を常時ラベル付けしない。	PathEditOverlay、camera-to-screen変換、既存の確定messageへ委託する。自前は選択頂点のfocus表現だけ。path geometryやDocument write口を二重化しない。
ST-18	stage	stage-mask-reveal / Mask Reveal	matteの境界が素材の色に埋もれ、何が隠れ何が見えるか判定できない。	文字や点群を切り抜く境界を意図として調整し、出現・消失の演出を作る。	checkerboardを背景にし、mask pathを高コントラスト、reveal結果を通常の明るさ、外側を少し暗くする。maskの用途を一枚の小さなstatus labelで示す。	mask pathの頂点をdrag、checkerboardをstate bandからtoggle、channel表示でAlphaへ切り替える。	balanced。複雑度20頂点以内、900×600以上。alphaの境界が一目で読めること。	MaskPathEditOverlay、checkerboard、ChannelDisplay、既存mask propertyへ委託する。自前は外側dimとlabelだけ。matte合成やalpha計算をStageで実装しない。
ST-19	stage	stage-shape-first-spark / Shape First Spark	空のStageで最初の結果までが遠く、作る気持ちが立ち上がらない。	rectangle、ellipse、penの一筆から、すぐに動かせるheroの種を作る。	空のcanvas中央に一つの薄いseed preview、上縁またはcanvas端にShape / Ellipse / Penの三つだけを置く。既存素材一覧は出さない。	toolを選んでdrag、Penは点を置いてclose。Enterで確定、Escapeで一時形状を破棄。生成後はseed案内が消える。	sparse。空projectまたは背景1枚＋新shape1。800×500から成立。	ShapeTool、ShapeToolOverlay、既存create intentへ委託する。自前はempty状態のseed previewと一行のentry hintだけ。Stage専用のshape modelは作らない。
ST-20	stage	stage-object-focus / Object Focus	多層のheroを調整すると、選択対象の輪郭と背景の情報量が競合する。	一つの主役を深く磨き、周辺のlayerを文脈として残したまま視線を整理する。	active objectは通常彩度、周辺layerは明度を一段落とし、activeのbboxとanchorだけを表示する。画面上部にFocus: layer nameを短く出す。	click、marquee、Inspectorから選択。空クリックで通常表示へ戻る。Focus表示はselectionから導出し、別モードとして保持しない。	balanced-to-dense。主役1、周辺15まで。1200×700以上。	Session selection、GizmoOverlay、compositorの既存frameへ委託する。自前は周辺dimの表示変換だけ。Stageにfocus selectionの第二正本を作らない。
ST-21	stage	stage-channel-truth / Channel Truth	alphaやRGBの破綻が完成画の色に隠れ、heroの素材感を誤って判断する。	透明の縁、色の欠落、マスクの効き方を一瞬で確認して、表現の試行を安全に続ける。	canvas全体を診断画像にし、下縁にRGB / Alpha / R / G / Bの短い選択列を置く。Alpha時だけcheckerboardを背面にする。	ChannelDisplayを直接選び、RGBへ戻る。診断状態はDocumentへ保存しない。	sparse。単一の半透明文字＋点群。800×500以上、グレースケールの差が読めること。	apply_channel_display、ChannelDisplay、checkerboard、viewer barへ委託する。自前はfixtureのRGBA入力だけ。別のrender pathや色補正を作らない。
ST-22	stage	stage-resolution-budget / Resolution Budget	previewが粗いとき、作品の問題と表示負荷の問題を取り違えて制作を止める。	画質を意図的に落としても、heroの構図とタイミングを先に試せる。	canvasを崩さず、下縁にAuto / ½ / ¼と実効倍率を小さく表示する。粗さの説明はcanvas外の一行だけにする。	viewer barのquality menuで既知の値へ直接移動し、state bandのcycleでも辿れる。Export品質は変えない。	balanced。点群＋ぼかし背景のような負荷差が出るfixture。1000×600以上。	PreviewResolutionCap、effective_preview_scale、resolution_quality_viewへ委託する。自前は「preview budget」の短い状態文だけ。別の品質設定正本を作らない。
ST-23	stage	stage-playback-pulse / Playback Pulse	再生中に映像・playhead・音の同期が分からず、heroの勢いを評価できない。	画面の変化を音の拍と一つの動きとして感じ、最初のMV的な気持ちよさを判断する。	canvasを全面にし、再生中だけ下縁に細いpulse line、現在frame、audio lockの状態を表示する。Timelineの目盛りはStageへ持ち込まない。	SpaceとTimelineのplayheadを主入口にし、Stageは同じSessionを読む。pause状態ではpulseを消し、現在frameだけ残す。	sparse。3秒の音＋文字のscale変化＋背景1枚。1200×675以上。	Session playhead、Engine::render_frame、Timeline transport、AudioProgramへ委託する。自前は再生中のpulse overlayだけ。Stageに第二のclockを置かない。
ST-24	stage	stage-scrub-trace / Scrub Trace	scrub中のフレーム更新が一瞬途切れると、render失敗や操作ミスに見える。	動きの前後関係を短い試行で読み、どの瞬間がheroになるかを見つける。	現在frameを最も明るく、直前のframeの輪郭を薄いghost、次frameの輪郭をさらに薄く表示する。常時表示せずscrub中だけ出す。	Timelineのplayhead dragから入る。Stage自身は時刻を変更せず、Escで通常表示へ戻る。	balanced。1秒に3つの文字位置が変わるfixture。1000×600以上、ghostは輪郭だけ。	Session/playheadと同じrender_frameへ委託する。自前は一時的なonion outlineで、保存・exportに通さない。履歴や第二時刻を作らない。
ST-25	stage	stage-beat-impact / Beat Impact	音楽の拍と映像の変化が別々に見え、MVの起点を失う。	一拍ごとの文字の出現、点群の密度変化、camera rollの意図を視覚的に試す。	canvas中央のheroを保ち、beat時だけ中心から短いradial pulseを出す。beat番号は小さく、Timelineのmarker列は表示しない。	playbackとscrubでbeat pulseを観測する。markerの作成・編集はTimelineへ返し、Stageは結果を読むだけ。	balanced。8拍、文字3レイヤー、点群1。1200×675以上、pulseは数フレームで消える。	Timeline marker、audio clock、Engine renderへ委託する。beat検出そのものは未確定の外部入力として扱い、自前は表示pulseだけに限定する。
ST-26	stage	stage-empty-first-spark / Empty First Spark	空projectを開いたとき、Stageが壊れているのか何をすればよいのか分からない。	最初のdropかshape作成へ数秒で到達し、空白を制作開始の余白へ変える。	comp frameを保った静かなcanvas中央に「Drop media」または「Create shape」の二つの入口だけを置く。Camera/User Viewや不要な設定は残す。	Browserからdrop、ShapeToolからshape作成。最初のlayerが立った瞬間にempty copyは消える。	sparse。0 layer、comp情報1行、entry 2個。800×500から成立。	Documentのempty判定、Browser drag、ShapeTool、Composition frameへ委託する。自前はempty illustrationと文言だけ。空状態専用のDocument stateは作らない。
ST-27	stage	stage-empty-composition-ready / Composition Ready	空のStageでcomp設定が無いように見え、作品の置き場所を想像できない。	まず画角と余白を理解してから、文字や点群を主役として置ける。	暗いcanvasの中央に空のcomp rectangle、右下に「1920×1080 · 0 layers」、枠内に小さなfocus crossを置く。CTAは枠の外に出さない。	Cameraで枠を見る、Browser dropまたはCreate shapeで最初の内容を入れる。Fitはview操作として扱う。	sparse。0 layerの構図確認に特化。900×560以上、余白を主役にする。	CompSpec、letterbox、empty Document、既存create入口へ委託する。自前はcomp metadataとfocus crossだけ。新しいsetup wizardをStageに埋め込まない。
ST-28	stage	stage-render-recovery / Render Recovery	render errorで画面が空になると、直前までのheroも原因も同時に失われる。	エラーの瞬間にも作品の状態を見失わず、修正して再び試す意欲を保つ。	last valid frameまたはcheckerboardをcanvasに残し、隅に理由を一枚のstatus cardとして重ねる。cardは作品を覆わず、原因文を主、操作は一つに絞る。	エラー文を読み、可能ならReturn to Cameraまたは表示を閉じて同じframeへ戻る。Stageからrender設定を増やさない。	sparse。hero一枚＋error card一枚。1000×600以上、赤い警告面で作品を塗りつぶさない。	observation_preview_sourceの理由付きErr、Shell status、既存のsafe fallbackへ委託する。自前はerror cardの配置だけ。engineのretryやerror分類をStageで再実装しない。
ST-29	stage	stage-input-rejection / Rejection With Context	読み込めない素材や観測視点の失敗が、ただの空Stageや無反応に見える。	失敗の理由を理解して別素材・別視点へすぐ切り替え、制作ループから離脱しない。	直前の有効な絵を保持し、下縁state bandの直上に短い理由帯を置く。ファイル名や視点名を理由の冒頭に残し、modalでcanvasを塞がない。	reason bandをクリックして詳細statusへ移る。再試行や素材交換の実体はBrowser・Shellの既存入口へ返す。	balanced。通常frame、理由帯、現在viewの3要素。900×560以上。	Shell status、Browser rejection、observationのErr伝播へ委託する。自前はStage内での表示位置と一行要約だけ。Importやdecodeの責任をStageへ移さない。
ST-30	stage	stage-hero-focus-lab / Hero Focus Lab	パネルを便利機能で埋めるほど、最初に見たい「作品が立ち上がる瞬間」が遠くなる。	文字、点群、奥行き、音同期を一枚の大きなcanvasで試し、作った結果が次の制作を誘う状態を作る。	canvasを約85%にし、中央にhero fixture、上縁はCamera/User View、下縁はresolution・channel・checkerboardの状態帯だけ。gizmoやsheetは選択時に現れるcontextual overlayとする。	dropまたはCreate shapeでseedを入れ、gizmoで主役を動かし、User Viewで奥行きを観測し、Spaceでpulseを確認する。各操作は既存のpane・Session・Documentへ戻る。	balanced。text 1、point/depth cluster 1、背景1、beat 4拍。1440×900の大きなIcebook storyを基準にする。	Camera/User View、gizmo、sheets、channel display、resolution state、render_frame、playheadへ全面的に委託する。自前はhero fixtureの初期Documentとstoryの見せ順だけ。第二runtime、第二評価経路、常設NLE chromeは作らない。
T01	timeline	一本の背骨 / Single Spine	再生・現在時刻・編集面の入口が散らばり、Timeline を開いても次に何をすべきか分からない問題を解く。	作品を置いた直後に再生し、Stage の結果を見て次の編集へ入るための基準パネル。hero の良し悪しを最短で判断する。	上端全幅に先頭・step・play/pause・step・末尾・loop・timecode。直下に loop 帯、locator 帯、目盛、playhead。中央は左レーンバー＋右クリップ面、下端はナビゲータ。transport はクリップ面より一段明るく、playhead と timecode だけ accent にする。	Space は既存の再生、transport は同じ意味 action、timecode は確定時だけ playhead を移動、ルーラ押下維持で scrub、`M` で locator、ドラッグ中の `Esc` は復元。	標準密度。8〜12レーン、0.25〜30秒の制作範囲を一画面に置き、狭くなったら行領域だけ縦スクロールする。	`transport_spec`、`ruler`、`work_area`、`rail`、`canvas` の既存責務をそのまま再利用。スクラッチは story 用の配置と token 差分だけにし、新しい再生状態や時間モデルは作らない。
T02	timeline	時刻ビーコン / Timecode Beacon	フレーム単位でどこにいるか、次のキーやマーカーまで何フレームかを読めず、編集の確定に自信が持てない問題を解く。	文字・ロゴ・点群の出現フレームを正確に決めるためのパネル。hero の「一瞬」を作る。	上端中央に大きい frame/timecode、左右に前後の意味点を小さく表示。transport は左、loop は右。ルーラには現在フレームから次の key / locator / loop 端までの短い縦 tick を置き、下のトラックはやや暗くする。	timecode をクリックして frame input、Enter で確定、Esc で下書きを破棄。前後キー移動は `JumpToPrevious/NextMeaningPoint`、矢印は playhead だけを1フレーム動かす。J/K/L は候補入口として表示せず、既存 keymap の候補に留める。	1〜5秒の近接編集向け。timecode の高さを優先し、行は18〜22px、1画面のレーン数は6〜10。	`transport` の frame draft、`nav::nearest_meaning_point`、`ruler` の tick 投影を再利用。大きな数字と次点表示だけを新規の見た目として作り、別の playhead owner は持たない。
T03	timeline	スクラブ・リボン / Scrub Ribbon	ルーラを掴んでも動いている感覚が弱く、狙った瞬間を探すだけで制作が止まる問題を解く。	音の落ち・カットの頭・文字の出現点を手触りで探すための creation 面。再生より「触って見つける」ことを主役にする。	パネル高の上半分を大きなルーラ／scrub 面にし、playhead を太い縦線と現在時刻ラベルで表示。transport は左上に小さく固定し、トラックは下半分に集約。クリップ面はスクラブ面と同じ時刻軸を共有する。	ルーラ押下維持で scrub、掴んだ瞬間に再生停止、フレーム丸め。Cmd+wheel はカーソル下時刻を保持した zoom、Shift+wheel は横パン。ダブルクリックは使わない。	0.5〜8秒を大きく見せる近接モード。トラックは4〜8行、スクラブ帯は通常の2倍高。	`ruler`、`frame_at_x`、`viewport_canvas`、既存の `input` の drag-to-scrub を再利用。太い playhead、現在時刻のミニラベル、面の余白だけがスクラッチで、scrub の意味は発明しない。
T04	timeline	ビート・パルス Transport / Beat Pulse Transport	音に合わせたいのに、再生ボタンと波形だけでは拍の基準が見えず、hero の勢いを判断できない問題を解く。	音楽同期のある motivational video で、落ち・アクセント・反復を視覚的に揃えるためのパネル。	transport の下に細い waveform／peak ribbon、その下に locator と拍の縦線。通常トラックはさらに下。再生中だけ現在 beat の pulse が薄く光り、playhead は常に最上層に出る。	Space 再生、`M` で現在 playhead に locator、locator クリックでジャンプ。beat metadata がある場合は snap 候補にするが、無い場合は locator と clip/key の既存 snap へ戻す。	2〜16秒の音楽フレーズ向け。波形 ribbon は12〜20px、beat tick は細く、レーンは標準18〜24px。	`waveform_view`、`markers`、`transport`、`ruler` を再利用。新しい beat 検出器や PCM 生成は作らず、上流から得た peak／beat があれば投影し、無ければ既存 locator を使う。
T05	timeline	トラック台帳 / Track Ledger	クリップが増えると、どのレイヤーが何を担当しているか、lock・mute・solo・親子関係が読めなくなる問題を解く。	hero を構成する素材の役割を整理し、背景・主役・文字・音を同時に見渡すための arrangement 面。	左36%をレーンバーに確保し、swatch・名前・depth・M/S/L・fold を恒久列にする。右64%は名前を描かないクリップ面。選択行だけ accent、非選択行は zebra を静かにする。	行クリック、Cmd トグル、Shift 範囲、fold、行間への並べ替え、Enter の inline rename。lock 中の書き込みは理由つき拒否。クリップ上の名前は入口にしない。	24px 行高を基準に20〜40レーン。レーンバー幅は狭めず、溢れた時間方向だけを横 scroll する。	`rail`、`projection::tree`、`rows`、`lane_bar` の現在の行責務を再利用。台帳の見出し装飾と depth guide だけを作り、独自の layer tree や選択状態を持たない。
T06	timeline	クリップ・リズム盤 / Clip Rhythm Board	bar の長さ・空白・重なりが弱く見え、時間のリズムを素材名の探索でしか判断できない問題を解く。	「素材を並べた」から「時間にリズムを置いた」へ視線を移し、hero のカットテンポを作るための面。	クリップ面を広く取り、時間方向の明暗帯と行方向の zebra を薄く敷く。bar は角丸と長さで主役にし、名前は左レーンバーにだけ置く。playhead と選択 bar の境界は他より明るくする。	bar 本体は move、端8pxは trim、Alt+drag は複製、Cmd は一時 snap 無効、release で1回確定、Esc で元へ戻る。ドラッグ中は preview のみを動かす。	0.25〜10秒の短尺 hero 向け。bar の最小幅が24px未満になる zoom では端 trim を出さず、本体移動だけにする。	`canvas`、`hit`、`clip_gesture`、`projection::geometry` を再利用。明暗 rhythm と選択の ink だけを token で調整し、ripple／roll 等の独自編集は作らない。
T07	timeline	フォーカス・レーン / Focus Lane	keyframe が全レイヤーの下に埋もれ、どの property が動いているか見えない問題を解く。	選択した主役レイヤーの position・opacity・scale などを時間で育てる、M19 の中心面。	選択 layer の直下に key を持つ property 行だけを展開し、他の layer は通常行のままにする。property 名はレーンバー側、菱形と時間はクリップ面側。選択 row の左端に細い focus rail を置く。	layer を選択すると自動で展開。◇で params を開閉、key クリックは単独、Cmd はトグル、Shift は範囲、Delete は key を優先。キー端の Cmd+drag は選択群の比例 retime。	1 layer・4〜12 property 行・1〜30秒。property が多い場合はその帯だけ縦 scroll し、全レイヤーを同時展開しない。	`property_rows`、`key_rows`、`key_gesture`、`projection::properties` の既存設計をそのまま再利用。focus rail と story の property 名配色だけをスクラッチにする。
T08	timeline	グループ・ツリー / Group Tree Stage	親子・precomp 相当のまとまりを開閉すると、自分がどの階層を編集しているか見失う問題を解く。	hero の背景・主役・補助要素をグループ単位で整え、複雑な構成でも意図を保つための arrangement 面。	左のレーンバーを tree として強調し、depth ごとに薄い guide。右の時間面は全階層で同じ x 軸。上部に「root / group / selected layer」の breadcrumb を置くが、時刻面は増やさない。	▸▾ で fold、子孫への drop は禁止カーソル、行間へ drag して並べ替え。Group 選択は親が揃わない場合に理由つき拒否。property 行は focus layer の直下だけ。	depth 0〜4、15〜30行。レーンバーの横幅を固定し、深い階層でもクリップ面の可視時間を削らない。	`projection::tree::rows`、`rail`、`layer_row_at_y` を再利用。breadcrumb と depth guide は表示専用で、別の木・parent state・並び順ルールは作らない。
T09	timeline	Timing Truth / 時間の真実	0秒・composition終端・source終端・clip start/end の関係が曖昧で、trim 後に何が残るか判断できない問題を解く。	hero の登場・退場を安全に決めるための、M4/M5 を視覚化した timing 面。	ルーラの0とcomp終端を太い pin にし、clip の start/end に細い vertical guides。選択 bar の両端だけ frame label を表示し、source outside は背景色のまま描かない。	端8pxの trim と本体 move を明確にカーソルで予告。snap 対象は0・終端・playhead・loop端・他 clip/key。trim では key 時刻を動かさず、move では key を追従させる。	0〜comp全体の境界が常に読める fit 寄り。最大でも12行、境界 pin と time label に余白を与える。	`frame_to_x`、`bar_span_x`、`classify_bar_part`、`LayerTiming` の既存意味を再利用。境界 guide とラベルだけを追加し、trim family や別の尺計算は作らない。
T10	timeline	Work Area Loop Deck / 作業範囲デッキ	ループ区間が一時的な選択に見え、反復再生や範囲書き出しの対象を失う問題を解く。	4小節のモーション、音の落ち、短い title animation を繰り返し磨くための creation deck。	最上段を厚い loop band にし、locator band をその下、目盛と playhead をさらに下に置く。transport の loop button は帯の状態を反映するだけで、帯が唯一の区間面になる。	空白から左右どちらへ引いても loop を作る。端8pxは resize、中は平行移動、L は on/off。再生中の M tap は止めずに locator を置く。drag 中は端を追い越して区間を畳まない。	1フレーム〜20秒。loop band 24〜32px、クリップ行は18〜22px。短い範囲を作る時だけ帯を自動的に目立たせる。	`work_area`、`ruler`、`transport`、`input` の既存 hit/preview を再利用。帯の色と loop endpoint label だけを作り、Document 外の別 loop state は導入しない。
T11	timeline	Trim Surgery / トリム手術台	bar の端を掴んだのか本体を動かしたのかが分からず、意図と違う編集を確定する問題を解く。	主役素材の入り・抜けを1フレームずつ整えるための close-up editing 面。	選択 clip を中央で大きく表示し、左右の trim edge に frame label と ResizeHorizontal cursor の見本を出す。元位置の ghost を薄く残し、他の行は背景へ退避する。	端8pxは trim、中央は move、掴んだ瞬間の座標を基準に絶対値で preview。release で1 undo、Esc で ghost 位置へ戻る。後続 clip は ripple せずその場に残る。	1〜2 clip、0.5〜6秒。bar の幅を最低24px以上に保ち、細すぎる時は fit を優先して誤操作を防ぐ。	`clip_gesture`、`hit`、`projection::preview`、`TRIM_EDGE` を再利用。ghost と edge label だけがスクラッチで、編集意味や transient の保存先は増やさない。
T12	timeline	Keyframe Constellation / キーフレーム星座	小さな菱形が bar の装飾に見え、key の存在・選択・時刻が読めない問題を解く。	主役の動きの節を星座のように配置し、静止画の並べ替えではなく時間変化を作るためのM19面。	選択 layer の property 行を縦に並べ、菱形をクリップ面の最前面へ出す。未選択 bar は低彩度、selected key は塗り、未選択 key は輪郭。playhead が通る key は一段強調する。	クリック単独、Cmd トグル、Shift 範囲、Delete、キー時刻 drag。複数キー移動は方向順に書き、0〜終端へ clamp。key の当たりは描画より大きい12×12px。	1 property 4〜24 key、0.5〜20秒。菱形の描画は8×8pxでも hit は12×12pxを維持する。	`key_rows`、`key_gesture`、`keys2`、`key_order` を再利用。形・選択 ink・focus の見た目だけを調整し、keyframe storage や property traversal を複製しない。
T13	timeline	Keyframe Loupe / キーフレーム・ルーペ	key が密集した時に12×12pxの hit を見つけられず、別の key を動かす問題を解く。	細かい表情・scale pulse・文字の easing point を拡大して調整する精密 creation 面。	通常 Timeline の右下またはポインタ近くに、時刻軸を共有した拡大 loupe を表示。loupe 内だけ key・frame label・snap guide を大きくし、元の面は context として残す。	pointer hover または選択 key で loupe。loupe 内の drag は元の selector へ戻り、edge pan も共通化する。外側をクリックしても別の意味を発火させない。	本体は0.25〜30秒、loupe は周辺±6〜12フレームを3〜4倍。多数 key の時だけ出し、空の時は表示しない。	`projection::geometry`、`key_rows`、`hit`、`EDGE_PAN` を再利用。拡大 overlay はスクラッチだが、別座標系を永続化せず frame↔x の既存逆写像を使う。
T14	timeline	Retime Bracket / リタイム・ブラケット	複数 key の比例伸縮が、どの範囲に効いているか分からず、意図しない動きになる問題を解く。	モーションの間を伸ばす・詰めることで、hero の呼吸や溜めを作るための専用面。	選択 key の最初と最後を bracket で囲み、両端に retime handle。範囲内の key は明るく、外側の key と他 property は薄くする。中央に倍率と元/新しいフレームを表示する。	まず通常のクリック/Cmd/Shift でキー群を選択し、範囲端を Cmd+drag。プレビューは全選択 key に比例適用、0長 clamp、反転不可。release は1 undo、Esc は選択前の時刻へ戻す。	1〜3 property、選択範囲をパネルの50〜70%に拡大。外側の時間は圧縮しても、0と終端の境界は残す。	`key_gesture::retime`、`key_order`、`projection::properties` と正典の `RetimeSelection` を再利用。bracket、倍率表示だけを新規描画し、独自の retime semantics は作らない。
T15	timeline	Property Matrix / プロパティ行列	同じ layer の position・opacity・scale の key を横断比較できず、動きの因果が読みづらい問題を解く。	hero の複数の変化を同じ時刻軸に揃え、文字の移動とopacityの立ち上がりを一緒に設計するための面。	左に property 名、右に共通 ruler を持つ行列。各行の playhead と time band は一致し、選択行だけ高彩度。キーがある property だけを既定表示し、全行表示は明示 action にする。	行クリックで focus property、Cmd で複数 key 選択、Shift で時間範囲、右クリックで easing。property 行を跨ぐ選択でも selector は layer/property/frame の3点を失わない。	4〜12 property、横方向は0.5〜30秒。property 名列は固定、時間面だけを横 scroll。行高は18〜22px。	`property_rows`、`key_order`、`rail`、`keys2` を再利用。行列の罫線と選択表現だけを作り、property を新しい集約モデルへ移さない。
T16	timeline	Graph Underlay / 下段グラフ	key の位置は置けても、Ease in/out や Bezier の変化量を時間面だけで判断できない問題を解く。	主役の加速・減速・overshoot のニュアンスを、通常の編集と同じ playhead で磨くためのM19/P2面。	上65%を通常 Timeline、下35%を Graph Editor。両方に同じ x 軸と1本の playhead を通し、選択 property の curve だけを明るくする。graph の数値欄は右端に小さく置く。	key または property 行から graph を開く。curve handle drag、Hold/Linear/Ease preset、scrub は上下を同時更新。下段を閉じても key 編集の意味は変わらない。	2〜6 property、上は標準密度、下は1曲線を読み取れる高さを確保。小窓では graph を折り畳み、偽の操作入口を残さない。	`graph_editor`、`keys2`、`transport`、`ruler` の既存 projection と曲線値を再利用。上下 split の layout と同期線だけをスクラッチにし、曲線評価を別実装しない。
T17	timeline	Graph Focus Sheet / グラフ集中シート	下段グラフでは制御点が小さく、複雑な easing を読めない問題を解く。	hero の動きの質感を一曲線ずつ彫るための集中編集。タイムラインは入口と文脈に退く。	パネルの70%をGraph Editor、左20%を選択 layer/property のリスト、上10%を mini ruler と transport にする。curve のゼロ・1・playheadを強い guide で示す。	property 行の graph icon、または選択 key の context action から入る。Bezier handle drag、preset、frame input、Esc cancel。property の切替はリストクリックだけで、曲線面の空白クリックは選択解除にする。	1 propertyずつ、制御点を24〜32pxの visual hit に拡大。長い時間軸でも曲線の精度を優先し、通常の多数レーンは表示しない。	`graph_editor` の projection/evaluation、`transport`、`ruler` を再利用。集中シートの枠と property list だけを作り、Bezier計算や新しい key owner は持たない。
T18	timeline	Easing Palette / イージング・パレット	easing を毎回数値で作る必要があり、確立した動きの語彙へ入れない問題を解く。	文字の登場、ロゴの停止、音のアクセントなど、motivation video に必要な速度感を素早く試すための creation 面。	選択 key の直下に Linear / Hold / Ease In / Ease Out / Ease In-Out の preset chips。各 chip に小さな curve thumbnail を置き、右端に「Graph を開く」を一つだけ置く。	key 選択後に palette を開き、選択範囲へ一括適用。適用前に曲線の薄い preview、クリックで1 undo。graph は高度編集への一方向の入口にし、palette 自体で新しい曲線を発明しない。	1〜12 key、chip は32px以上の hit。通常の行高を崩さず、palette は選択行の下に一段だけ出す。	`EASY_EASE` 群、`keys2` の interpolation action、`graph_editor` を再利用。chip と thumbnail だけをスクラッチにし、既存の preset/curve 値を二重管理しない。
T19	timeline	Curve Stack / カーブ・スタック	position・scale・opacity の曲線が同時に動くと、どれがheroの印象を作っているか比較できない問題を解く。	主役の動きと透明度、スケールの同期を比較し、過剰な演出を減らしながら意図的なピークを作るための面。	共通 ruler の下に property ごとの mini curve を縦積み。選択 curve は大きく、他は薄く表示し、同じ playhead を全段に通す。左には property 名と solo/focus の表示だけを置く。	property 行または graph focus から開く。curve の選択、key range、solo、playhead scrub を共有。複数 curve を同時編集する入口は置かず、focus を1本ずつ切り替える。	4〜8曲線、各36〜54px。長い曲線を正確に見るより、複数のピークの位相差を比較するスケールにする。	各曲線は既存 `graph_editor` と `property_rows` を再利用。スタックへの配置と比較用の薄い合成 ink だけをスクラッチにし、曲線を新しいデータへ焼き込まない。
T20	timeline	Marker Storyboard / マーカー絵コンテ	「ここで落とす」「ここで文字を出す」という制作意図が時間上に残らず、再生のたびに探し直す問題を解く。	hero の beat、台詞、視線の切り替えを locator にして、時間構成を先に作るための planning 面。	ルーラ下にmarker帯を十分な高さで置き、色・短い名前・小さな icon を表示。clip/key はその下で、marker の縦線だけが全時間面へ通る。playhead が marker に近い時は名前を表示する。	`M` tap は即追加、同一 frame は畳む。marker drag は時刻移動、クリックはジャンプ、右クリックは削除、メニュー追加だけ rename mode に入る。再生中も追加できる。	5〜30 marker、0.5〜60秒。名前は短縮表示し、重なった場合は marker rail の高さを増やすのではなく数をまとめて表示する。	`markers`、`ruler`、`nav` の既存動詞と frame geometry を再利用。色タグと名前の ink だけを作り、marker を別の timing owner にしない。
T21	timeline	Chapter Rail / チャプター・レール	長い hero video で intro・build・drop・outro の位置関係を失い、局所編集だけになる問題を解く。	motivational video 全体の起伏を俯瞰し、各章の長さと間を整えるための macro creation 面。	上端に広い chapter rail。marker の集合を章ラベルとして横長の淡い blocks で表し、下に通常のルーラとトラックを置く。章は時刻の説明であって新しい clip ではない。	marker の複数選択から「章として表示」を選ぶ草案。章クリックでその範囲へ jump、loop、Fit。名前変更は marker rename の既存入口に戻す。未接続の chapter action は disabled にせず story では候補として明示する。	30秒〜10分、通常トラックは圧縮、chapter rail は24px以上。局所編集へ戻ると T03/T12 相当の近接表示に切り替える。	`markers`、`work_area`、`nav`、`projection` を再利用。章の見た目は marker の派生表示としてスクラッチし、永続的な章モデルや新しい時間計算は作らない。
T22	timeline	Waveform Anchor / 波形アンカー	音声レイヤーが普通のbarに見え、playhead と音の立ち上がりがずれているか判断できない問題を解く。	beat drop、息継ぎ、効果音の頭に映像・文字を合わせるための M8 の中心面。	video rows の下に audio row を固定し、中央に waveform。playhead は video/audio を貫き、waveform の peak だけを弱い accent、locator と現在 peak を強い accent にする。mute/solo はレーンバーに置く。	Space で音と映像を同時再生、scrub で Stage と波形 cursor が同時追従。audio row のクリックは時刻 jump、M は現在時刻へ marker。decode 失敗時もrowと最後の正常状態を残す。	2〜30秒、audio row 42〜64px、video row は18〜24px。波形の細部より playhead と大 peak の読みやすさを優先する。	`audio_rows`、`waveform_view`、`transport`、`ruler` を再利用。新しい PCM 生成や audio clock は作らず、既存の上流 waveform と将来のPlaybackClockを同じ playhead へ投影する。
T23	timeline	Beat Grid Canvas / ビート・グリッド	waveform の山だけでは細かい拍の間隔を揃えにくく、映像の動きが音楽からずれる問題を解く。	反復する pulse、点群の跳ね、文字の一拍表示を作るための音楽同期専用の close-up。	audio waveform の背後に拍ごとの細い grid、bar ごとに一段濃い guide、locator は太い diamond。video clip/key は同じ x 軸で上に重ね、beat grid は装飾ではなく snap の候補を示す視覚にする。	Cmd+wheel の anchored zoom、beat/locator への snap、M tap、playback。beat metadata が無い story では grid を locator から仮生成し、未実装の自動解析ボタンは置かない。	1〜8秒、1/4〜1/16拍の切り替えを想定するが、story では2段階だけ見せる。audio row 56px、他は圧縮。	`waveform_view`、`markers`、`time_band_segment_frames`、既存 snap geometry を再利用。beat grid の線だけをスクラッチにし、検出・テンポ推定・別の音楽モデルは外部技術へ委託する。
T24	timeline	A/V Sync Split / A/V同期スプリット	映像・音声を別々に見ていると、同じ playhead でも音の先行／遅延を発見しづらい問題を解く。	spoken title、music video、sound effect の impact を、画と音の到達点として同時に評価するための診断兼 creation 面。	上半分を video tracks、下半分を audio tracks に分け、中央に一本の共通 playhead。両方の ruler は同じ x 軸、audio の peak と video の key/marker を水平に比較できる。offset warning は該当 row にだけ出す。	scrub、再生、marker jump、audio/video row の選択を同じ時刻系で行う。link/unlink は候補 action として story に注記するが、現在の未決意味を勝手に固定しない。nudge は通常の clip/key の既存 move 文法へ戻す。	2〜6 audio/video rows、0.5〜20秒。上下の境界を24px程度確保し、波形を潰さない。	`audio_rows`、`waveform_view`、`projection::geometry`、`transport` を再利用。offset warning と上下 split はスクラッチ、A/V link の永続モデルや専用時計は作らない。
T25	timeline	Navigator Panorama / ナビゲータ・パノラマ	見たい範囲へ zoom/pan するだけで視線が失われ、M18 の移動摩擦が高い問題を解く。	全体のどこを作っているかを保ったまま、局所のhero timingへ入るための navigation 面。	下端に全comp幅の navigator。layer の色を細い積層として示し、現在 viewport を半透明 knob で囲む。main canvas は近接編集、navigator は全体の位置のためだけに使う。	navigator 中央 drag は pan、端6pxは片側固定 zoom、Cmd+wheel はカーソル下時刻を固定、Fit は全体表示。main と navigator の playhead は同じ値を読む。	navigator は0.25秒〜comp終端、main は選択範囲の2〜20秒。縦行数に応じて navigator の高さは24〜36pxで固定。	`nav`、`viewport_canvas`、`frame_to_x`、`tick_steps` を再利用。overview ink と knob の見た目だけを作り、Session の zoom/pan owner を二重化しない。
T26	timeline	Long-form Minimap / 長尺ミニマップ	5〜20分の作品で、全体のどこに素材・音・chapterがあるか把握できず、局所を往復できない問題を解く。	motivational video の長い build-up と複数の drop を全体設計し、局所編集の位置を失わないための macro面。	左端または下端に横長 minimap。layer ごとの bar は1〜2pxの集約、選択 layer と chapter marker だけ強調。main timeline は8〜20行に絞り、minimap の viewport rectangle を常時表示する。	minimap の任意位置をクリックして jump、viewport rectangle を drag して pan、端を drag して zoom、Fit で戻る。main の選択や playhead は minimap に即時反映する。	5〜20分、50+レーンを想定。main は0.5〜30秒、minimap は全comp。集約で1px未満になる bar は存在ではなく密度として描く。	`rows`、`projection::geometry`、`nav`、`markers` を再利用。read-only の集約描画だけをスクラッチにし、minimap 用の第二Documentや別の編集判定は作らない。
T27	timeline	Empty Start Pad / 空プロジェクトの発射台	空のTimelineが「何もできない画面」に見え、最初の素材を置くまで制作が始まらない問題を解く。	空から最初の hero を立ち上げる入口。drop、browse、scrub、keymap が空でも生きていることを示す。	レーン領域中央に大きな drop target と「最初の素材を置く」説明、背景に薄い ruler・playhead・transport。未実装のボタンを並べず、drop target と1つのBrowse入口だけを主役にする。	Finder drop または Browse で素材を受ける。拒否時はファイル名と理由をその場に残す。素材が無くても ruler scrub、frame input、M locator が動き、空を無理に仮clipで埋めない。	0 rows、広い余白、transport 32px、ruler 28px。1素材追加後は T01 または T05 へ自然に遷移する。	`rows` の空結果、`transport`、`ruler`、OS drop の既存入口を再利用。drop illustration とCTAだけをスクラッチにし、empty専用のDocument状態やダミーレイヤーは作らない。
T28	timeline	Recoverable Error Bay / 復旧可能なエラー帯	import・waveform・render の失敗が無言で消え、次に何を直せばよいか分からず作品全体を失う問題を解く。	失敗しても制作の文脈と最後の正常なhero frameを残し、直して続行できる信頼面。M13/M16をTimelineで観測する。	上端transportは通常のまま、直下に一行 status strip。失敗したrowだけ赤い reason badge、最後に成功した frame は通常表示、壊れたwaveformは空白ではなく「取得失敗」と表示する。全画面 modal は使わない。	badge クリックで詳細、Retry、素材を外す、別素材へ置換の入口。inspectだけではDocumentを変えない。再生・scrub・undo はエラーrow以外で継続し、拒否は理由を返す。	通常の行高を維持し、status は28〜40px。エラーが複数でも縦に積まず、件数＋選択中1件の詳細にする。	`waveform_view::WaveformState`、row projection、transport、既存 shell の拒否理由経路を再利用。reason badge と retry card だけをスクラッチにし、エラー専用の隠れた状態所有者は作らない。
T29	timeline	Hero Beatline / ヒーロー・ビートライン	通常の動画ソフトのように素材を横へ並べるだけでは、主役・動機・個性を時間上で立ち上げにくい問題を解く。	Motolii固有の「motivational video を作る」視点をTimelineで見せる。主役の登場・加速・ピーク・余韻を、utility tracksより強く読む。	選択したhero layerを中央の32px以上の beatline として表示し、impact marker、keyframe cluster、音のpeakを同じ縦線へ寄せる。背景・補助レーンは18pxで低彩度。transport と ruler は通常位置を保つ。	hero layerを選択すると focus。Mでimpact marker、keyの範囲選択とCmd retime、playhead jump、playback。hero専用の新しいlayer種別は作らず、通常選択の強調として扱う。	hero 1行＋support 6〜12行、2〜30秒。ピーク前後の±1〜2秒を少し広く見せるが、時間軸の値は歪めない。	`rail`、`markers`、`key_rows`、`transport`、既存 selection/fold を再利用。hero accent と peak alignment の表示だけをスクラッチにし、Motolii専用の意味モデルを増やさない。
T30	timeline	Adaptive Two-Mode / Compose・Inspect	一つの固定レイアウトでは、素材を並べる時の広さとkey/easingを詰める時の精度を同時に満たせない問題を解く。	Compose でheroの時間構成を作り、Inspect で主役のkey/easingを仕上げる。通常編集とMotoliiの表現編集を一つの制作 loop に戻す。	`Compose` は広いクリップ面・複数レーン・navigatorを優先し、transport/rulerを常設。`Inspect` は選択 layer のproperty行とGraph Editorを広げ、他の行を縮める。切替後も同じplayhead・selection・Documentを映す。	mode tab または意味 action で切替、選択行のgraph入口でInspectへ入る。Cmd+wheel、fold、key選択、Esc、playbackは両モードで同じ文法。mode切替は編集の確定ではなくSession状態として扱う。	3段階のUI scaleを想定。Composeは18〜24px行高で20〜40行、Inspectは24〜32pxのproperty/graphで1〜6行。狭い窓ではInspectのgraphを畳み、触れない入口を残さない。	現在の `TimelinePane` builder、`Session`、`rail`、`canvas`、`key_rows`、`graph_editor` を再利用。modeのレイアウト切替だけをスクラッチにし、モードごとのDocument・playhead・selection・keyframe ownerは作らない。
E01	export	Export Hero Card	** 書き出し直前に「何を人へ渡すのか」が見えず、設定を確認するだけで制作の勢いが切れる。	** 中央の大きな結果カードを、作品を完成物へ変える最後の一押しにする。静止したStageの証拠と、納品仕様を同じ視線に置く。	** 上段に小さな`EXPORT`見出し、中央にアスペクト比を反映したStage snapshot枠、右下に`MP4 / H.264`・寸法・fps・フレーム数を縦積み、最下段に幅広いExport CTA。失敗時はsnapshot枠を壊さず、原因カードだけを上に差し替える。	** `Cmd+E`またはFile > Exportで開く。中央カード上の16:9 / 9:16 / 1:1を選ぶとComposition要求を出し、Destination、Lossless、Work area onlyを確認してExportする。実行中は同じカードに進捗とClose glyphのCancelを表示する。	** 中密度、幅480–620pxの浮かし窓。結果カード6割、仕様3割、操作1割。常時表示は3つの判断だけに絞る。	** 既存の`view`、`Composition`、aspect preset、progress、Cancel、既存chromeを再利用。scratchは同じCompositionから取るsnapshotの表示投影と、成功・失敗カードの状態差分だけ。別renderer、別export job、共有機能は作らない。
E02	export	Three-beat Story	** format、範囲、音声、保存先が一列に並ぶと、初心者がどの順番で決めればよいか分からない。	** `Frame → Sound → Deliver`の3拍で、制作物が「画を決める」「音を守る」「渡せるfileにする」へ進む感覚を作る。	** 横方向の3つの大きなステップ。Frameにはアスペクトカードと寸法、Soundには音声muxの状態、Deliverには保存先と品質。現在ステップをアクセント色、完了済みを静かなcheck、未到達を薄い面で表す。	** 各ステップはクリックで開閉するが、操作は既存のAspectPresetSelect、Work area only、Lossless、PickOutputPathに写す。3つの必須値が揃うまで最終Exportをdisabledにし、足りない値の理由を直下へ出す。	** 横長の中密度、窓幅600–760px。1ステップは2行以内に収め、狭い窓では3段縦積みに折り返す。	** 既存messageとread-only Composition表示を再利用。scratchはステップ状態のprojectionと、audio mux結果を「Sound」へ翻訳する小さなread modelだけ。Audio編集欄やpreset保存機構は追加しない。
E03	export	Aspect Atlas	** 9:16や1:1にすると、完成画面がどう変わるかを数字だけでは想像しにくい。	** 3つの比率を作品の掲示面として見せ、heroの見せ方を横長・縦長・正方形から選べるようにする。	** 中央に3枚の比率カード。各カードは比率どおりの空枠、`1920 × 1080` / `1080 × 1920` / `1080 × 1080`、選択状態を持つ。下段に「fps・尺・背景は保持」、右側にRangeとExportを置く。	** カードを押すと既存のAspectPresetSelectを発火し、選択後に現在寸法とフレーム数を更新する。Custom比率は`Custom`ラベルで表示し、勝手にプリセットへ丸めない。	** 視覚優先の低密度、幅560–700px。カードは同時に3枚見え、比率の輪郭が文字より先に読める大きさにする。	** `AspectPreset::ALL`、`dimensions_for_aspect`、`format_resolution`を再利用。scratchは比率シルエットのIced layoutだけ。crop・自動reframe・新しいComposition ownerは作らない。
E04	export	Format Truth Bar	** 普通の動画ソフトのようにcodecやOutput Moduleが選べるように見えると、選べない機能への期待と失望が生まれる。	** 「この作品は今すぐMP4として出せる」という確かな出口を一本の真実バーで示し、選択肢の多さではなく完成を主役にする。	** 最上段に太い一行`MP4 / H.264`、隣に小さな`READY`。その下にLossless(qp0)だけをtogglerで置き、Aspect・Range・Destinationを2列の小さな情報群にする。未知のcodec欄は存在させない。	** Formatバーはread-only。Losslessは即時切替、Aspectは3つの要求ボタン、DestinationはOS picker、RangeはWork area only。Exportを押した時の最終summaryをCTA直上に固定する。	** 高密度、幅420–520px。情報行中心で、最上段のFormatだけ行高を大きくする。設定アプリのセクション乱立にはしない。	** `CONTAINER_CODEC_LABEL`、品質enum、既存togglerとinfo rowを再利用。scratchはFormatを主役にする階層CSS/Iced構成のみ。未実装codec、queue、templateは追加しない。
E05	export	Preset Strip	** 毎回同じアスペクトと品質を探すため、heroを作る反復が設定操作に埋もれる。	** 画面上部の一筆書きのようなpreset stripで、作品を「横・縦・正方形」の納品面へ即座に着地させる。	** ヘッダー直下に横一列の`16:9 / 9:16 / 1:1` stripを置き、各chipに寸法を常時表示。現在のCompositionはselected chip、Customは別の薄いchip。下に範囲・出力先・品質、右下にCTA。	** stripのchipはAspectPresetSelect。chip選択後に寸法とFramesを更新し、Work area onlyが有効なら範囲表示も更新する。Export中はstripとtogglerをdisabledにし、snapshotを混ぜない。	** 低〜中密度、幅500px前後。preset strip 1行、summary 3行、action 1行の固定高さ。キーボードでも3候補を左右移動できる想定。	** 既存の3 preset button、Composition read model、running時disabled規律を再利用。scratchはchipを横一列に圧縮するレイアウトのみ。プリセットの永続化、複数書き出しqueueは作らない。
E06	export	Frame Ledger	** 全体を書いたのかWork areaだけを書いたのか、Outが含まれるのかが分からず、不要な尺を納品してしまう。	** Exportを「曖昧な時間設定」ではなく、実際に書くフレームの台帳として見せる。完成物の長さを自分で握れる。	** 左に細い時間線、全体帯とWork area帯を重ね、右に`start – last (frames)`を大きく表示。半開区間の`[start, end)`はcaptionで説明し、下段にfpsと尺を置く。	** Work area only togglerを時間線上の選択に同期。作業範囲がない時は帯とトグルを出さず「全体」と明記。範囲外ならclamp後の実フレーム数を先に表示してからExportを許可する。	** 情報密度は中、幅520–640px。時間線は高さ56px、数値を視覚の主役にする。長い説明文は置かない。	** `WorkAreaFrames`、`effective_range`、`format_range_summary`、existing togglerを再利用。scratchは範囲帯の描画投影だけ。TimelineのWorkAreaをExport側で所有・編集しない。
E07	export	Range Theater	** 「全体」と「作業範囲」の差が小さなtogglerだけだと、短いheroテストを書きたい時に安全に選べない。	** 本番全体と試作範囲を2つの舞台として比較し、試す→決める→渡すの流れを支える。	** 左右2枚のrange card。左は`FULL COMPOSITION`と全フレーム、右は`WORK AREA`とIn/Out/枚数。選択カードだけにアクセントを置き、最下段に「この範囲をExport」を出す。	** カードクリックがRangeSelectへ写る。Work areaが無い時は右カードをdisabledではなく撤去し、全体カードだけを出す。品質とAspectはカード下の共通summaryで変更する。	** 低密度、幅560–700px。2カードの比較を最優先し、出力先は下段に一行だけ置く。	** 既存のWhole/WorkArea、`effective_range`、最短1フレーム防波堤を再利用。scratchは2択カードの状態投影だけ。新しいIn/Out編集操作や別時間正本は作らない。
E08	export	Destination Dock	** 書き出し設定は揃っているのに、どこへfileが出るのか見失い、完成したか確認できない。	** 保存先を「納品場所」として最上位に置き、作品を外へ持ち出す最後の動線を迷わせない。	** 上半分をDestination cardにしてpathを大きく表示、未設定時は理由付きの`Choose…`を中央配置。下半分にFormat・Aspect・Frames・Audio muxの小さなreceipt、最下段にExport。	** Choose…は既存のrfd pickerへ。path選択後にsummaryとCTAを更新する。Export成功後は同じDestination cardを`DELIVERED`状態へ変え、statusに実pathとframes_writtenを出す。	** 中密度、幅500–640px。pathが長い時は中央省略し、hover/tooltipで全文を出す想定。設定項目を増やさない。	** `PickOutputPath`、`OutputPathChosen`、`ExportOutcome`、status帯を再利用。scratchはpathを主役にするカードと完了状態の投影だけ。Finder起動や共有シートはMotoliiへ持ち込まない。
E09	export	Preview=Export Witness	** Stageで見たheroが書き出し後に変わる不安が、Exportボタンを押す直前に最大化する。	** 「見た画がそのまま外へ出る」という制作上の約束を、主張ではなく同じComposition・同じ評価経路の証人として見せる。	** 左に現在のStage snapshot、右に`SAME COMPOSITION`の仕様カード。中央を細い同一性ラベルで結び、下段にAspect変更時の寸法、Frames、Audio mux、CTAを置く。snapshotが無い時は空箱ではなく「Stageの結果を待つ」と書く。	** Exportを開いた時点のcurrent frameを表示する想定。Aspect presetを選ぶと同じCompositionのsnapshotと寸法が更新される。別のrender qualityやpreview-only cropの操作は置かない。	** 横長・低密度、幅720px前後。snapshot 55%、証拠カード45%。狭い窓では証拠カードを下へ送る。	** `Composition`共有、`Engine::render_frame`、既存aspect/range/qualityを再利用。scratchはsnapshotのread-only投影と`same input`バッジだけ。Export専用renderer、second compositorは作らない。
E10	export	Composition Receipt	** Export窓で解像度やfpsを編集できるように見えると、PreviewとExportの入力が分岐する。	** 作品の最終仕様を改変する場所ではなく、現在のCompositionを確認して安全に渡す場所だと明確にする。	** 上段に`CURRENT COMPOSITION`のreceipt。`Size / Aspect / FPS / Duration / Frames`を読み取り専用の5行で表示し、横に16:9・9:16・1:1の要求ボタンだけを置く。cap超過はreceiptの直下にwarning帯。	** 寸法・fps・尺の行は押せない。presetだけがSetComposition要求を出し、更新後にreceipt全体を再計算。cap超過時はExportを実行不可にし、理由と修正入口を同じ面に出す。	** 高密度、幅420–540px。表形式だが線を引かず、既存の行高と余白で読む。数値の視認性を最優先。	** `Composition` read-only投影、`resolution_within_cap`、aspect mapping、existing info rowを再利用。scratchはreceiptの語順とwarningの配置だけ。Export専用のwidth/height/fps ownerは作らない。
E11	export	Audio Mux Check	** mp4は完成したのに、音声が入っているか分からず、無音のheroを人へ渡してしまう。	** 作品の映像と音を一本の納品物として扱い、音声muxを完成条件の一部として視覚化する。	** 中央に`VIDEO → MIX → MP4`の3段pipeline。Videoは書いたframes、MixはAudioProgramの状態、MP4は最終mux状態を表示。成功時は最終ノードを強調し、未確認・失敗は音声ノードだけを赤くする。	** Export開始前はAudioの有無をread-only確認。音声がある場合はmux込みの最終jobへ進み、Export後にAudio track presenceをstatusへ返す。音声が無い場合は「無音を意図したExport」と明示して続行できる。	** 中密度、幅560–680px。pipelineは高さ120px、下にFormat・Range・Destinationを3行で置く。	** `AudioProgram::mix_audio`、`mux_mixed_pcm`、`ExportOutcome::audio_muxed`、既存Export flowを再利用。scratchはmix/mux段階のstatus projectionだけ。音声mixerやFFmpeg呼び出しをUIで再実装しない。
E12	export	Sound Trail	** 音声がどの時間範囲に存在し、書き出し範囲と重なっているかを、音量編集なしでは判断しづらい。	** MVのheroに音が付いていることを、波形の飾りではなく「この範囲がmixへ入る」証拠として見せる。	** Range timelineの下に細いsound trailを一本だけ置く。soundtrack・clip audioの存在を色面で示し、右に`mixed PCM / silent`の状態。音量ノブやEQは置かず、映像のpreviewを主役に保つ。	** Work area onlyを切り替えるとsound trailの範囲を更新。trailはread-onlyで、クリックは音声設定画面へ飛ばさずExportの確認に留める。音声が無い場合は線を消し、無音理由をcaptionで示す。	** 横長・中密度、幅600px、trail高さ32px。時間情報はE06のrange表示と同じ尺度を共有する。	** TimelineのWorkArea、AudioProgramの入力判定、既存tokenを再利用。scratchは音声存在区間のread-only可視化だけ。Export窓にwaveform編集、gain、fadeのownerを作らない。
E13	export	Audio Sources Ledger	** どの音がmuxに入ったのか、複数素材・soundtrack・audio-only Clipの関係が分からない。	** 「この作品の音は何でできているか」を納品前の小さなクレジットとして見せ、音の抜けを防ぐ。	** 左にVideo output、右に音声sourceの縦ledger。各行は`source name / range / enabled / mix`の短いreceiptで、最後に`AudioProgram → AAC track`を大きく表示。sourceがない時は空欄を増やさず`No audio source`を1行にする。	** 行は選択・編集せず、既存Document/Sessionのprojectionとして表示。音声を追加・分離する入口はExport内に作らず、問題がある時は「Timelineで直して再確認」とだけ示す。	** 中〜高密度、幅520–640px。sourceは最大4行を想定し、それ以上は件数と要約に畳む。納品CTAは常時最下段。	** `AudioProgram`の入力列挙、Clipの既存source、mix順序、AAC muxを再利用。scratchはsource receiptのread modelだけ。新しいaudio track schemaや隠れlinkは作らない。
E14	export	Silent Export Guard	** 音声が無いのか、検出に失敗したのか、意図的な無音なのかを区別できず、書き出し後に気づく。	** 無音を禁止するのではなく、無音を選んだのか見落としたのかを制作判断として確定させる。	** Export CTA直上に大きなSound guardを置く。`AUDIO INCLUDED`、`INTENTIONAL SILENCE`、`AUDIO CHECK FAILED`の3状態を同じ場所で表し、失敗時だけ理由と戻り先を展開する。映像仕様は隣の静かなreceipt。	** 音声ありなら確認済みで進行、音声なしなら`無音で続行`と`Timelineへ戻る`の二択、判定不能ならExportを止めてretry/close。muxエラーは再実行前に最終pathを変更しない。	** 低密度、幅500–620px。警告は一枚だけ。一般的な設定項目を増やさず、音声の安全判断に専念する。	** 既存のAudioProgram/mux error/status/close経路を再利用。scratchは3状態のread-only判定とCTAの表示だけ。音声を勝手にmute/unmuteする編集機構は作らない。
E15	export	Mix Mode Badge	** Exportが元streamをそのまま使うのか、加工済み音をmixしているのかが隠れ、結果の音を予測できない。	** 音声経路の選択をユーザーの裏で勝手に行わず、heroの再現性を守るための技術的事実として表示する。	** Format行の横に`STREAM COPY`または`MIXED PCM → MUX`のbadgeを表示。badgeの下に「gain / 複数source / retimeがあるため」など、現在の判定理由を一行で出す。CTAはbadgeより下で、選択肢に見せない。	** badgeはread-only。source条件やrangeを変えると判定が更新され、mixed path時はAAC trackの見込みを表示。ユーザーが危険なfast pathを選べるトグルは置かない。	** 高密度、幅420–540px。badge 1行＋理由1行。音声編集面ではなく、Exportの技術receiptとして扱う。	** AudioProgramの判定、`mix_audio`、`mux_mixed_pcm`、codec表示を再利用。scratchは判定理由の短い文面とbadgeのvisual styleだけ。別の音声engineやcodec選択を作らない。
E16	export	Audio Safety Ladder	** 音声付きExportが失敗した時、decode・mix・WAV下書き・muxのどこで止まったかが分からない。	** 音を守る工程を階段として見せ、失敗しても作品の意味を失わずに直せるようにする。	** 縦4段のladder `READ → MIX → STAGE → MUX`。各段にpass・pending・errorを置き、成功済みの段は圧縮、エラー段だけ詳細を展開。右にvideo framesの進捗を細く併置する。	** 実行中は現在段とframesを更新。Error段の`Retry`は同じ設定でやり直し、`Choose destination`だけpath pickerへ戻る。中断はladderを`CANCELLED / FINAL PATH UNTOUCHED`へ遷移させる。	** 中密度、幅560–680px、高さ300px程度。実行中だけ表示し、idle時は短いAudio checkへ畳む。	** `export_ops`のvideo export、mix、temporary WAV、mux、cleanupの実経路を再利用。scratchは段階statusを伝えるread modelだけ。非同期処理やcleanup処理をUIで二重化しない。
E17	export	MV Beat Card	** モチベーション動画では、映像だけ正しく出ても音の開始位置・範囲・納品感が揃わないとheroにならない。	** soundtrackと映像の同じ時間範囲を一枚のbeat cardにまとめ、作品の「一周」を書き出す面にする。	** 上段にhero snapshot、下段に左右の`PICTURE`と`SOUNDTRACK`帯を同じIn/Outスケールで表示。中央の大きなラベルを`SYNCED EXPORT`にし、右下にframesとmux済み見込みを置く。	** Work area onlyを切り替えると映像とsoundtrackの帯を同時に縮める。Aspect presetはsnapshotの枠とComposition receiptを更新。音の中身を編集する入口はTimelineへ戻すリンクではなく、確認文だけにする。	** 低密度・横長、幅700px前後。hero snapshot 45%、同期帯35%、納品情報20%。	** `WorkAreaFrames`、Composition、AudioProgram、same render/mux経路を再利用。scratchはpicture/soundの同期帯とMV向け言語の投影だけ。BPM、音声エフェクト、別Transportは作らない。
E18	export	Delivery Passport	** Export完了の表示が短いstatus文だけだと、成果物の内容を再確認できず、完成した実感が弱い。	** 完成したfileを「納品パスポート」として記録し、作品をMotoliiの外へ持ち出す最後の証明にする。	** 完了後だけ中央に大きなcheckと`DELIVERED`。その下に`path / MP4 H.264 / aspect・size / fps・frames / audio track`をreceiptとして並べ、最下段に`Export again`。新しいfile共有ボタンは置かない。	** status帯や完了イベントから開く。`Export again`は同じ設定を保持して再実行、Aspect・Range・Destinationの変更は通常状態へ戻してから行う。Finderへの責任はOSへ渡す。	** 中密度、幅520–640px。完了状態では情報5行を常時表示し、長いpathだけ折りたたむ。	** `ExportReport`、`out_path`、`frames_written`、`audio_muxed`、既存statusを再利用。scratchはpassportの成功projectionだけ。share/upload・履歴DB・queueは作らない。
E19	export	Progress Timeline	** 進捗が`41%`という数字だけだと、処理が止まったのか、どれだけ残っているのかを直感的に判断できない。	** 書き出し中も作品が完成へ進んでいることを、frameという制作単位で見せる。	** パネル中央に横長のframe timeline。左端をstart、現在位置をアクセントのplayhead、右端をlast frameにする。下に`123 / 300 (41%)`、上に`MP4 / H.264`と小さなCancelを置く。	** Exportを押すとidle controlsをprogress stateへ置き換える。進捗は`ExportProgress`のframes_done/totalだけから更新し、ユーザー操作はCancelだけに制限する。	** 中密度、幅520–680px、高さ180px。数字とplayheadを同じ視野に置き、ETAなど未計測値は出さない。	** `ExportProgress`、`progress_fraction`、`format_progress`、background Task、Cancelを再利用。scratchはprogress timelineの描画だけ。推定時間や別のworker制御は作らない。
E20	export	Live Frame Proof	** Export中にStageが止まって見えると、UIが固まったのか、書き出しが進んでいるのか分からない。	** 最後に処理したframeを小さなproofとして見せ、heroが完成物へ変換され続けている感覚を保つ。	** 左に直近frameのthumbnail、右に大きなframe countとprogress、最下段に「同じComposition / same render path」ラベルとCancel。thumbnailは主役ではなく進行証拠にする。	** background progress更新時に直近frameを差し替える。クリックで別previewを開かず、Cancelは即時にcancel flagを立てる。終了時はthumbnailをDelivery Passportのsnapshotへ引き継ぐ。	** 横長・中密度、幅640–760px。thumbnail 35%、進捗45%、操作20%。	** `Engine::render_frame`の既存結果、`ExportProgress`、既存Cancelを再利用。scratchは直近frameのread-only cache投影だけ。Export専用レンダーや全frame蓄積は作らない。
E21	export	Cancel With Safety	** 書き出しを止めたいのに、途中fileが最終成果物として残る恐怖でCancelできない。	** 試行を安全に捨てられることを示し、hero作成の反復回数を増やす。Cancelは失敗ではなく制作の戻り道にする。	** progressの横に大きなCancel action、直下に`最終pathは変更しない / partial outputは削除`を固定表示。Cancel後は中央に`CANCELLED — FINAL PATH UNTOUCHED`を表示し、RetryとCloseを置く。	** 実行中のCancelは既存Cancel handleへ。確認dialogで操作を二重化せず、押した瞬間にflagを立て、frame境界後に安全状態へ遷移する。Retryは同じ範囲・品質・Destinationを保持する。	** 中密度、幅500–620px。安全文を常時読める高さにし、進捗バーを過剰に大きくしない。	** `Cancel::cancel`、`remove_partial`、temporary video/audio cleanup、既存progress stateを再利用。scratchはcancelled receiptだけ。最終pathの削除・バックアップをUI側で実装しない。
E22	export	Error Compass	** 「Exportに失敗しました」だけでは、寸法超過・保存先・encode・音声muxのどこを直せばよいか分からない。	** エラーを制作の行き止まりではなく、次の一手を示す方位磁針にする。作品のsnapshotと設定を保持したまま直す。	** 上に`EXPORT FAILED`と短い原因、中央に4分類のcompass `COMPOSITION / DESTINATION / VIDEO / AUDIO`。該当分類だけアクセント、下に一つのFix CTAとRetry。partial cleanupの結果を最後に表示する。	** cap超過はAspect/Compositionへ、destination失敗はChoose…へ、audio mux失敗は同じ設定のRetryまたはTimeline確認へ、video errorはRetry/Closeへ分岐。原因不明を成功扱いにしない。	** 中密度、幅560–680px。原因は1〜2行、分類4枚、行動1つ。stack traceや技術ログを主面に出さない。	** `ExportError`、`resolution_within_cap`、status、cleanup、既存messageを再利用。scratchはエラー分類とFix destinationのprojectionだけ。自動修復、別codec fallback、silent downgradeは作らない。
E23	export	Recovery Postcard	** 失敗や取消の後に設定が消えると、同じheroをもう一度作るための復旧コストが高い。	** 作品の設定を「作り直し不要のはがき」として残し、失敗しても制作の文脈を失わない。	** 左に失敗・取消の状態stamp、右に保存された`Aspect / Range / Quality / Destination / Audio path`の5行。下に`Retry unchanged`、`Choose another path`、`Close`を並べる。	** `Retry unchanged`は同じsnapshotを再実行、path変更だけはpickerへ。Work areaやaspectを変える時は通常のidle viewへ戻す。成功時は同じpostcardをDelivery Passportへ遷移させる。	** 高密度、幅520–640px。receipt中心で、詳細エラーは展開式の1枠に閉じる。	** Shellが保持するexport state、path picker、range/quality/aspect、Cancel cleanupを再利用。scratchは復旧用状態カードの投影だけ。別のdraft config storeやexport historyは作らない。
E24	export	Preflight Gate	** Exportを押してから初めて、保存先未設定、cap超過、空範囲、音声経路の問題に気づく。	** 書き出し開始前に完成物の成立条件を一枚で確認し、失敗を待ち時間の後ろへ追いやらない。	** 中央に4つのgate `COMPOSITION / RANGE / DESTINATION / AUDIO`。各gateは一行の判定と証拠値だけ。全てpassで大きなExport、failは該当行の右にFixを置く。FormatはMP4/H.264のtruth barとして上に固定。	** Export CTAを押すとpreflightを一度表示し、passなら同じ位置から開始、failなら実行せず修正へ戻す。Work areaなしはRange passの`Whole`、無音はAudio passの`Intentional silence`として区別する。	** 中〜高密度、幅500–620px。各gateは1行、高さ200px以内。説明文を増やさない。	** 既存Composition、`effective_range`、path有無、AudioProgram/mux判定、cap warningを再利用。scratchはgate集約のread modelだけ。preflightで別のrenderや試験用Exportを実行しない。
E25	export	Hero Launch	** Export窓が設定の羅列に見えると、Motoliiの「モチベーションとしての動画制作」が普通の動画ソフトの管理画面へ縮む。	** ボタンを`Make the hero`相当の一つの決断にし、作品を人へ渡す瞬間をパネルの主役にする。詳細は主役を邪魔しない。	** 上半分に現在のhero snapshotと大きな作品名／比率、中央に一文の`Previewで見た作品をMP4へ`、下に大きなExport CTA。Format・Range・AudioはCTA脇の小さな安全receipt、詳細は折りたたみ。	** Cmd+Eで直接この面を開く。CTAはdestination未設定ならChoose…へ、設定済みならpreflightを通過して開始。Advancedを開けば既存の品質、aspect、rangeを操作できるが、別の機能群は出さない。	** 低密度・大スケール、幅560–720px。hero 55%、CTA 20%、安全receipt 25%。小窓ではsnapshotを上下に圧縮する。	** 既存のExport入口、Composition、aspect/range/quality、path、progress/Cancellationを再利用。scratchはhero文言・snapshot配置・advancedのvisibilityだけ。新しい制作モデルやプロジェクトmodeは作らない。
E26	export	Social Variant Lab	** 同じ作品を横・縦・正方形で試したい時、比率変更の結果と書き出し範囲を別々に確認する必要がある。	** 3つの納品面を同じ作品のvariantとして比較し、どの面がheroを最も強く見せるかを制作中に判断する。	** 左に3つのvariant tabs、中央に選択variantのsnapshot枠、右に`size / fps / duration / frames / audio`のreceipt。下に単一Export CTAを置き、batch queueは置かない。	** tab選択は既存AspectPresetSelect、snapshotとframesを更新。RangeとQualityはvariant間で共通。Exportは現在選択中の一つだけを出し、複数同時書き出しを暗黙に約束しない。	** 横長・中密度、幅680–780px。tabs 15%、snapshot 50%、receipt 25%、action 10%。	** 既存3 preset、SetComposition、same Composition input、range/quality/audio muxを再利用。scratchはvariant比較のvisual projectionのみ。自動crop、reframe、render queueは作らない。
E27	export	One-file Handoff	** 完成動画を渡す目的なのに、設定と技術情報が前面に出て、どの一つのfileを渡せばよいかが埋もれる。	** 「渡すfileはこれ」という一点へ視線を集め、Motoliiを出た後の人との共有を想像できる納品面にする。	** 中央に一本のfile card。pathのbasenameを最大文字、下に`MP4 / H.264`・比率・尺・音声trackをbadgeで添える。左上に小さなhero snapshot、下段にExportまたは完了stamp。OSの共有操作は表示しない。	** idleではChoose destination→Export、completedではpathとframes_writtenを固定。再実行は`Export again`、設定変更は小さな`Adjust`で通常controlsへ戻す。音声なしはbadgeを隠さず`SILENT`と明示する。	** 低密度、幅520–640px。file card 60%、技術receipt 25%、action 15%。長いpathは省略表示する。	** out_path、status、ExportOutcome、既存format/aspect/range/audio情報を再利用。scratchはbasename中心の完了カードだけ。Motolii内にshare/upload APIやfile historyを作らない。
E28	export	Export State Canvas	** idle、実行中、取消、失敗、完了でcontrolsがどう変わるかが不統一だと、触れるもの・触れないものの境界が崩れる。	** Exportを一つの制作ステートマシンとして見せ、どの状態でも「作品を失わず次に進める」感覚を保つ。	** 同じ中央canvasを保ち、状態ごとに`READY / RENDERING / CANCELLED / FAILED / DELIVERED`の大きな状態labelだけを差し替える。周囲のComposition receiptとDestinationは位置を固定し、実行中はcontrolsをdisable、完了後はpassportへ変える。	** Menu/shortcutでREADYへ、ExportでRENDERING、CancelでCANCELLED、errorでFAILED、成功でDELIVERED。各状態の主CTAは一つだけにし、選択中jobの設定を実行中に変更できない。	** 中密度、幅520–640px。canvasの中央状態label 35%、固定receipt 45%、CTA 20%。	** `ViewModel::progress`、既存Message、background export、cleanup、statusを再利用。scratchは状態ごとのlayout投影と遷移表示だけ。新しい状態ownerや二重cancel経路は作らない。
E29	export	Quiet Focus	** Export直前に大量の情報を見せると、heroを渡す判断より細部の確認が重くなり、制作の集中が切れる。	** 重要な3判断だけを静かに残す。`どの比率か / どの範囲か / どこへ渡すか`を決めたら、作品を外へ出せる。	** 背景を広く取った中央カードにhero snapshot、下に3つの大きなpill `Aspect`・`Range`・`Destination`。右下にExport、音声muxとFormatは小さな安全stamp。詳細はクリックで同じ窓内のdrawerにする。	** Cmd+Eはこのfocus面へ。pillを押すと既存のaspect buttons、Work area toggler、Choose…を展開する。Losslessとframe数はdrawer側へ置くが、実行中は全て閉じてCancelだけを残す。	** 最低密度、幅520–680px。常時表示は3pill＋CTA。drawerを開いた時だけ中密度へ戻る。	** 既存controls、same Composition、progress/cancel、audio statusを再利用。scratchはdrawerの開閉とsummary pillの投影だけ。機能を隠して未実装を誤認させない。
E30	export	Creator Control Deck	** Export panelが「大きなheroを作る面」と「安全に書き出す面」の両方を持つが、一列の行では優先順位を表現できない。	** Motoliiらしい最終案。中央のheroを見せながら、左で納品面を選び、右で音声・範囲・安全を確認し、最後に一つのLaunchへ進む。	** 3カラム構成。左`MAKE`はAspect Atlasの縮小版とQuality、中央`HERO`はStage snapshot＋Preview=Export witness、右`DELIVER`はRange ledger・Destination・Audio mux check。下端を全幅のprogress/Cancel/Delivery result railに固定する。	** File > Exportで開き、左のpreset変更はComposition要求、右のRange/Destinationは既存message、中央のExport CTAはpreflightを通して実行。実行中は左・右の入力を止め、中央snapshotと下端progressだけを更新。完了時は中央をDelivery Passportへ変える。	** 横長・高密度だが階層は明確、幅900–1100px。中央50%、左右25%ずつ。狭い窓では`MAKE → HERO → DELIVER`の3段に折り返す。	** 既存Export paneの意味、Composition、aspect/range/quality、path picker、AudioProgram/mux、progress/Cancellation、chrome grammarを最大限再利用。scratchは3カラムのIcebook composition、hero snapshot、preflightの接続表示だけ。queue、codec増設、別評価経路、audio editor、share/uploadは作らない。
S01	settings	Project Landing / 制作開始	** 起動後に新規制作か既存作品への復帰かを決められず、最初の一歩で止まる。	** Create と Open を同じ視界の主役にし、最初の hero frame へ最短で到達させる。	** 上段に現在の project identity と保存状態、中央に大きい Create / Open の2カード、下段に最近の project と短いヒント。主役は2つの入口で、状態は補助帯にする。	** 歯車の Settings、または menubar の File / Window から入る。初期 focus は Create、Tab で Open、最近の行は Enter で開く。	** balanced。現在 project 1件、最近の project 5件程度を medium の pane に収める。	** Document / Composition、Shell の recent/open 動線、menubar の message を再利用する。自前は2カードの配置だけで、最近の一覧や project 状態を Settings に複製しない。
S02	settings	Session Desk / 今の制作	** いま何を編集しているか、保存済みか、どの pane を見ているかが別々で不安になる。	** 作品名と現在地を安定して見せ、考えを中断せず hero の調整へ戻れるようにする。	** 左に project 名・composition 名、中央に編集対象の短い要約、右に Saved / Unsaved と現在 pane。Save は一番目立たせず、現在地を主役にする。	** Settings を開いた瞬間に active session を read-only 表示。Save は既存 File / Save と同じ message、project 名の編集入口は既存 rename がある場合だけ出す。	** sparse。1つの active session と3つの状態だけを大きく読む。	** Shell の既存 session fields、Document の dirty 状態、menubar の Save を読む。自前は identity の並べ替えだけで、Session Desk 用の状態所有者を作らない。
S03	settings	Lifecycle Ladder / 開く→作る→保存→書き出し	** 開始・編集・保存・書き出しが別機能に見え、どこまで進んだか分からない。	** hero を作る行程を4段に見せ、作品を外へ出すまでの不安を減らす。	** 横4段の Open / Create / Save / Export ladder。active step は色だけでなく短い状態文と操作可能な action を持ち、未到達 step は muted にする。	** 段をクリックすると既存 pane または menubar action へ移動する。Save / Export の状態は read-only の確認で、ladder 自体が処理を実行する新経路にはならない。	** balanced。4 step と各1行の結果を横幅 medium で見せる。	** File lifecycle と Export の既存 message、Document / session status を再利用する。自前は順序の投影だけで、進捗を二重に記録しない。
S04	settings	Recent Shelf / 最近のプロジェクト	** 一度閉じた作品を探し直す手間が大きく、制作の勢いが切れる。	** 直近の hero を一目で再開でき、発想の断絶を小さくする。	** 最近順の縦 shelf。各行は project 名、composition、保存時刻、保存状態だけ。最上段に Continue current、最下段に Open… を置く。	** keyboard で行を上下移動し Enter で既存 Open を呼ぶ。行の削除・pin・タグはこの案では作らず、押せるように見える chrome を増やさない。	** dense。8〜12行を scroll なしまたは短い scroll で扱う、小さめの panel。	** OS / Shell の既存 recent source と Document open を再利用する。自前は行の視覚化のみで、Settings 内に recent database を作らない。データが無い story fixture では空状態1行だけを出す。
S05	settings	Handoff Card / 再開地点	** 再起動すると最後に見ていた時刻・pane・選択対象を失い、作品へ戻るまでに迷う。	** 前回の思考状態を思い出させ、hero の続きをすぐ試せるようにする。	** 大きい read-only preview の横に Last project、playhead、active pane、selection の4項目。下に Resume と Open clean の2入口を置く。	** Resume は既存の session restore がある場合だけ使用し、無い場合は story で unavailable と表示する。Open clean は既存 Open と同じ入口に戻す。	** balanced。preview 1枚と4項目、2 action を large-medium で配置する。	** Session の既存 restore 値と Stage の read-only preview を再利用する。自前はカード構造だけで、再開地点の保存先を Settings に増やさない。
S06	settings	Unsaved Guard / 未保存の出口	** 変更を試すことが怖く、閉じる・切り替える・書き出す前に喪失しそうになる。	** 失敗を恐れず hero の変化を試せる安全網を前面に出す。	** pane 上端に Saved / Unsaved の一行 guard。Unsaved のときだけ差分の要約と Save を出し、通常時は薄い status に畳む。	** Save は File / Save と同じ message。閉じる動線は既存の終了確認へ戻し、Settings 内に別の保存ボタンや dirty 判定を持たない。	** sparse。判断1つを大きくし、説明は2行以内に抑える。	** Document の dirty / save result と Shell の終了確認を再利用する。自前は guard の強調表示だけで、second save state を作らない。
S07	settings	Autosave Vault / 自動保存	** 自動保存が働いているか、何世代を戻せるか分からず、制作を止めて確認する。	** 実験の復帰可能性を見える化し、思い切った hero の試行を許す。	** 上段に Autosave enabled と最終保存時刻、中央に Save Every / Generations、下段に世代リスト。restore は危険操作として row の末尾に置く。	** 既存の toggler と数値 input を使い、Enter で確定する。世代の restore は既存 Document recovery が存在する場合だけ表示する。	** balanced。設定2行と世代4〜6行を scroll 可能な medium pane に入れる。	** AutoSaveConfig と shell の timer / restore 経路を再利用する。自前は世代の見せ方だけで、backup database や recovery state を Settings に所有させない。
S08	settings	Recovery Ladder / 復旧の選択	** 失敗後に「手動保存」「自動保存」「現在の未保存」のどれを戻すべきか判断できない。	** 作品を失わずに安全な分岐を選べるため、hero の試行回数を守る。	** source を Manual / Auto / Current の縦3段にし、各段に時刻、状態、失われる変更の有無を出す。存在しない source は描かない。	** 各段を選ぶと既存の recovery action の確認へ進む。Cancel は元の pane へ戻り、復旧候補の選択を別 Document にしない。	** sparse-to-balanced。実在する候補だけで最大3段、各段は大きい row にする。	** File system / AutoSaveConfig / Document replay の既存経路へ委託する。自前は比較レイアウトだけで、復旧コピーを新規に保持しない。
S09	settings	Neutral Appearance / 背景と UI scale	** 背景色と UI の大きさが作品の見え方を邪魔し、hero の良し悪しを判断しにくい。	** Stage の結果を正確に見せ、背景の選択を表現判断へ変える。	** 上に背景 swatch と Black / White / Gray 18% / Transparent、下に RGBA value cells と UI Scale。Stage の read-only preview を左端に小さく添える。	** preset は即時確定、RGBA と UI Scale は text input + Enter。現在の Settings の順序と focus を保つ。	** balanced。preset 4個、RGBA 4セル、scale 1行を medium の scroll pane にする。	** Composition.background、BackgroundPreset、Tokens::ui_scale、既存 chrome をそのまま使う。自前は swatch と preview の配置だけで、appearance の別 state owner を作らない。
S10	settings	Preset Carousel / Hero mood	** 最初の一枚を作る前に背景の細かい値を決める必要があり、制作の勢いが落ちる。	** 4つの明確な背景 mood を即座に試し、結果を見て hero の方向を決める。	** 大きな4タイルを横または縦に並べ、色面そのものを主役にする。選択中は focus ring と文字ラベルの両方で示し、数値は補助に畳む。	** tile click / Enter が既存 BackgroundPreset を送る。RGBA の詳細編集は secondary action として同じ pane の下へ置く。	** sparse。4択を large tile で見せる narrow-to-medium pane。	** 既存4 preset と Document の undo を再利用する。自前は carousel の表現だけで、mood 名・preset 保存・別の背景モデルを発明しない。
S11	settings	Contrast Check / 読みやすさ	** 暗い画面で設定値・focus・status が読めず、作品を見る前に chrome と戦う。	** author が UI の見落としではなく hero の見え方に集中できる。	** 左に現在の設定面の小さな preview、右に Text / Control / Focus の3つの read-only check。問題がある行だけ、該当する appearance row への link を持つ。	** check row は選択して原因を表示するが、独自の色設定を直接変更しない。修正入口は既存 UI scale / token を読む Settings に戻す。	** balanced。3 check と各2行の説明を見渡せる medium pane。	** Colors、readability JSON、既存 focus style を参照する。自前は診断表示だけで、accessibility score や別の色設定 state を持たない。
S12	settings	Scale Rehearsal / UI scale の予行	** UI scale を変えた後に密度や focus の読め方が予想できず、戻すのが怖い。	** 見たい hero の大きさを保ちながら、制作環境の読みやすさを調整できる。	** 上に current scale、中央に Before / After の小さな panel sample、下に1つの UI Scale input と reset。preview は値の比較に限定する。	** input に入力して Enter、reset は既定値へ既存 save_ui_scale 経路で戻す。preview をクリックして値を書き換えない。	** sparse。2 preview と1 inputだけを large readable scale で置く。	** Tokens / Dimensions の既存 ui_scale を正本にする。自前は同じ token で作る sample の並べ方だけで、preview 専用 scale state を作らない。
S13	settings	Input Map / ショートカット一覧	** 入口はあるのに shortcut と menubar の関係が見えず、反復編集の手数が増える。	** hero の試行を止めず、頻出の編集・保存・pane 移動を覚えられるようにする。	** File / Edit / Layer / Window の category rail と、右の Command / Shortcut / Entry の3列。primary は command name、shortcut は muted。	** category click で同じ list を切り替え、row Enter で対応する既存 message を送る。shortcut の再割当はこの案に含めない。	** dense。category 4つ、各5〜8項目を compact text scale で scroll する。	** menubar Item、SHORTCUT_ONLY_REGISTRY、Shell key resolver を一つの読み口として使う。自前はカテゴリ表示だけで、keymap のコピーを Settings に持たない。
S14	settings	Gesture Deck / 直接操作の説明	** どの値が drag でき、どの値が text input なのか分からず、調整が遅い。	** 数値を素早く試し、hero の動きや見え方を手で探れるようにする。	** 左に gesture label、中央に対応する value cell の live sample、右に Type / Drag / Submit の短い説明。実際の値セルを主役にする。	** label press は既存の mouse_area / value drag、cell は既存 text input、Enter は既存 commit。説明カード自体は操作入口にしない。	** balanced。背景 RGBA、Composition、Autosave の代表3行を large-medium で見せる。	** 既存 value_input_style、BackgroundChannelDragPressed、CompFieldDragPressed を再利用する。自前は説明の配置だけで、gesture state を Settings に新設しない。
S15	settings	Shortcut Conflict / 衝突の検査	** 同じキーが別の動詞に見えたり、表示 shortcut と実配線がずれて、誤操作を生む。	** 試行錯誤の速度を落とさず、意図しない編集を避ける。	** Command / Key / Source / Conflict の表。Conflict が無い行は muted、実際に衝突する行だけ warning text と原因を出す。	** row 選択で対応する menubar または shortcut-only entry を highlight する。再割当ボタンは作らず、現在の resolver の事実だけを出す。	** dense。15〜20行を scroll する compact table、warning は形と文言でも区別する。	** menubar Item と SHORTCUT_ONLY_REGISTRY、Shell resolver を再利用する。自前は join と表の見せ方だけで、keymap を二重管理しない。
S16	settings	Focus Route / キーボードの道	** Tab の順番と現在 focus が見えず、マウスに戻らないと Settings を完了できない。	** 視線と手を作品へ戻し、設定変更を制作の流れの中で完了できる。	** 左に 1〜8 の focus route、右に各 control の miniature。現在 focus は色だけでなく番号、outline、短い label で示す。	** Tab / Shift+Tab / Enter だけで全操作を進める。route は実際の widget order の読み取りで、クリック用の別ナビゲーションではない。	** sparse-to-balanced。8 target を大きい focus boundary で読める medium pane。	** Iced widget の focus、text_input、toggler、既存 button style を再利用する。自前は focus map の story 表示だけで、focus state を別に所有しない。
S17	settings	Large Type / 読み取り優先	** 小さな caption と数値欄が読めず、設定を間違えて hero の見え方を損なう。	** 読み取りの負担を減らし、視覚表現の判断へ集中させる。	** label を大きく、value をその次、hint を最小にする一列。アイコンだけの toggler は使わず、On / Off の文言を添える。	** UI Scale の既存 input から調整し、変更結果は同じ pane 全体に反映する。個別の text-size slider は作らない。	** sparse。6〜8行を large text scale で表示し、情報量より可読性を優先する。	** Tokens::ui_scale、Dimensions::theme、readability の閾値を再利用する。自前は並び替えだけで、Settings 専用の font scale を持たない。
S18	settings	Reduced Motion / 安定したフィードバック	** hover・open・status の動きが注意を奪い、hero の時間変化と chrome の動きを混同する。	** 時間表現の動きだけを主役として残し、操作フィードバックを安定させる。	** 上に motion policy の read-only summary、中央に hover / open / success の静的 state sample、下に「作品の動きは変えない」という注記。	** sample は focus / hover の状態比較に使い、設定値の変更は既存 Tokens または将来の明示された accessibility owner へ戻す。未実装なら製品では表示しない。	** sparse。3 state sample を大きく見せ、説明を短くする。	** 既存 chrome の base / hover / focus style と Tokens を再利用する。自前は Icebook の状態比較だけで、motion preference の保存先や別設定 state をこの pane に作らない。
S19	settings	Status Command Line / 一行の現在地	** 保存・入力・render の結果が section の間に埋もれ、次に何を直すか分からない。	** 制作を止める問題だけを一行で明示し、安心して次の hero experiment へ進める。	** pane 上端に icon + status sentence + time の一行 status command line。body は既存 Settings、下端に source link を置く。	** status を押すと原因のある既存 row または menubar action へ移る。dismiss は一時表示に限り、履歴削除の意味を持たせない。	** sparse。常時1件、長い内容は2行までに切る。	** Shell の既存 status、Document result、preview cache result を読む。自前は status の固定位置だけで、alert store や通知履歴を Settings に増やさない。
S20	settings	Diagnostics Drawer / 現在の健康状態	** composition の有無、cache の状態、保存状態を確認したいが、常設の情報量で作業面が狭くなる。	** hero の結果を疑うときだけ内部状態を開き、普段は創作面を広く保つ。	** 通常は Settings 本体だけ。右下または下端の Diagnostics disclosure を開いた時だけ、read-only の Composition / Cache / Save 3列が現れる。	** disclosure は view chrome の開閉、row は source pane への移動。数値を書き換える入口は置かない。	** balanced。閉じた状態は sparse、開いた状態は3項目の dense drawer。	** sections::ViewModel の composition / preview_cache、Shell status、Document view を再利用する。自前は drawer layout のみで、diagnostic snapshot を保存しない。
S21	settings	Event Log / 操作の復元	** 直前に何が起きたか分からず、Undo するか再編集するか判断できない。	** 試した変化を追跡できるため、hero の反復を安全に続けられる。	** 左に時系列の短い event rows、右に選択 event の source と結果。最上段に現在状態、履歴は補助にする。	** row を選ぶのは read-only。Undo / Redo は既存 Edit menubar に戻し、Event Log 内で独自の履歴再生はしない。	** dense。10〜20件を compact row と scroll で見せる。	** Document の既存 undo / redo と Shell status を再利用する。自前は event の投影だけで、第二の操作履歴や復旧モデルを作らない。
S22	settings	Command Palette / コマンド入口	** menubar の階層を探している間に制作の集中が切れる。	** 次の hero 操作へ視線を戻すまでの探索を短くする。	** Settings の上に一枚の raised surface を重ね、上に入力、中央に最近の commands、右に shortcut。背景は opaque にして背後を誤操作させない。	** menubar から開き、入力で既存 Item の label を絞り、Enter で message を publish する。ショートカットは既存のものだけ表示し、新しい Cmd+K を発明しない。	** dense。12〜20 command rows を compact text で表示し、検索結果を最大8行に抑える。	** motolii-menubar の Item / leaf と既存 message を再利用する。自前は一時的な filter と overlay だけで、command registry や別の action state を持たない。
S23	settings	Menu Atlas / menubar の地図	** File / Edit / Layer / Window / Help のどこに操作があるか予測できない。	** 操作の地図を覚え、hero の調整を止めずに適切な入口へ進める。	** 上段に既存 top-level menu の横並び、中央に選択 menu の leaves、右に shortcut と説明。menubar の素の文字と hover 面をそのまま大きく見せる。	** root を click / keyboard で選び、leaf Enter で既存 message を送る。menu の open state は widget に任せる。	** dense。root 5本、leaf 最大10本を menu width と compact row に合わせる。	** vendored menu_bar、Menu / Item、leaf style を直接再利用する。自前は atlas の story composition だけで、menu action の別定義を作らない。
S24	settings	Context Bridge / 選択対象からのメニュー	** clip・layer・keyframe の右クリックだけに操作が閉じ、別の入口との対応が分からない。	** 選択中の対象から Copy / Split / Group / Interpolation などへ直行でき、試行を止めない。	** 上に selected object の短い identity、中央に context items、下に「同じ操作は Edit / Layer にもある」という entry hint。	** context menu は現在の選択へ既存 message を送る。menu item と shortcut の重複は許すが、context 専用の意味や第二 state を作らない。	** balanced。対象1件と8項目前後の raised menu を medium で表示する。	** motolii-menubar の context_items、Item、既存選択状態を再利用する。自前は bridge の視覚構造だけで、context 専用 command model を持たない。
S25	settings	Chrome Calm / 一列の静かな設定	** 境界線・面・見出しが多く、設定そのものが作品の preview と競合する。	** chrome を背景へ退かせ、Stage の hero result を視線の主役にする。	** SETTINGS header、section header、value rows の一列だけ。面の差と余白を階層にし、常時 border は使わない。warning/status だけ意味色を許す。	** gear で開閉、section は自然な scroll、value は既存 input。押せない説明を button に見せない。	** sparse。Composition / Appearance / Autosave / Playback を各2〜4行に抑え、large-medium の行高にする。	** panel_container_style、section_header、value_input_style、tokens の surface を再利用する。自前は一本の並びだけで、chrome token や状態を増やさない。
S26	settings	Chrome Split / master-detail	** section が増えると縦 scroll だけでは現在地を失い、設定を探せない。	** 左の目的選択で右の設定面を絞り、hero へ戻るまでの視線移動を短くする。	** 左に Project / Appearance / Input / Recovery / Status の master list、右に1 section の detail。active は text + shape + focus で示す。	** master click / keyboard で同じ data source の section を切り替える。右側は既存 sections::view の一部を投影し、各 master が独自の state を持たない。	** balanced。左5項目、右3〜6行を medium-wide pane で表示する。	** existing section view、scrollable、Tokens の列幅を再利用する。自前は master-detail の layout と一時的な選択だけで、section ごとの状態 owner を増やさない。
S27	settings	Chrome Rail / 端の設定レール	** Settings を開くたびに Stage の面積が大きく減り、hero を見ながら調整できない。	** Stage を常に見えるまま、必要な設定だけを端から呼び出せる。	** pane の端に細い gear / section glyph rail、選択時だけ raised popover。popover 内は既存の一列 Settings、rail は主役にしない。	** ToggleSettingsPanel と Window / Settings の既存入口で開く。click outside / Escape は表示を閉じるだけで Document を触らない。	** sparse。rail は1列、popover は active section 3〜6行の compact-medium。	** ToggleSettingsPanel、panel_container_style、section_header、menubar Window entry を再利用する。自前は anchor positioning のみで、rail 用の新しい pane state を作らない。
S28	settings	Chrome Adaptive Stack / 幅に応じる設定	** narrow pane で Composition の2列値が潰れ、wide pane では余白が余り、密度が不安定になる。	** どの作業環境でも値の意味と hero の preview を同時に保つ。	** wide では Size / Time / Background を2列、narrow では同じ順序の1列へ自然に積む。section header と primary value の順序は変えない。	** window / pane resize と ui_scale の結果だけで layout が変わる。compact / comfortable の新しい保存 toggle は置かない。	** adaptive。wide は balanced、narrow は sparse rows、large UI scale では自動で1列に落とす。	** Dimensions、Taffy transfer、existing comp_cells_row と responsive width を再利用する。自前は配置規則だけで、density preference の第二 state owner を作らない。
S29	settings	Hero Launch Console / hero を始める	** Settings が保守項目の集まりに見え、作品の主役を作る入口になっていない。	** 「作品を始める」ための Create / Open、背景、Preview の3判断を前面に出し、Motolii の目的を最初に伝える。	** 上に短い Hero creation cue、中央に read-only Stage preview、下に Create / Open と4つの BackgroundPreset。詳細な lifecycle / autosave は secondary disclosure。	** Create / Open は既存 lifecycle、preset は Composition.background、preview は Stage の読み取り。cue や preview は click action を持たない。	** sparse。preview 1枚、primary action 2つ、preset 4つを large scale で見せる。	** Document / Composition、Stage preview、BackgroundPreset、Tokens を再利用する。自前は hero-oriented な順番だけで、hero session や別の creation state を導入しない。
S30	settings	Confidence Gate / 共有前の信頼確認	** 今見えている preview が保存済みか、cache が揃っているか、外へ出せる結果か判断できない。	** hero を共有する前の不安を3〜5件の確認へ縮め、結果への信頼を作る。	** 上に read-only preview、中央に Saved / Composition / Preview / Audio-or-Export の status matrix、下に既存 Save / Export action。欠落データの行は出さない。	** status row は原因のある Settings / Timeline / Export へ移る。Save / Export は menubar の既存 message を呼び、matrix が処理を複製しない。	** balanced。確認3〜5件と2 actionを medium pane に置き、warning は文字・形・意味色で示す。	** Document dirty、Engine / preview cache、Export status、menubar action を再利用する。自前は確認matrixの配置だけで、confidence や export result の第二 state owner を作らない。
